1	28.80	29.62	28.25	27.13	29.27	29.79	28.35	26.41	0.0000
2	28.80	29.62	28.24	27.13	29.27	29.79	28.35	26.40	1.0000
3	28.79	29.64	28.25	27.13	29.27	29.85	28.35	26.40	2.0000
4	28.79	29.69	28.26	27.13	29.28	29.98	28.35	26.40	3.0000
5	28.79	29.80	28.28	27.14	29.29	30.21	28.35	26.41	4.0000
6	28.79	29.96	28.31	27.13	29.31	30.50	28.36	26.41	5.0000
7	28.79	30.17	28.37	27.14	29.36	30.85	28.38	26.41	6.0000
8	28.80	30.43	28.43	27.14	29.43	31.24	28.40	26.41	7.0000
9	28.81	30.73	28.52	27.14	29.52	31.66	28.43	26.41	8.0000
10	28.83	31.04	28.62	27.15	29.64	32.09	28.47	26.42	9.0000
11	28.86	31.38	28.73	27.16	29.78	32.53	28.52	26.42	10.0000
12	28.90	31.74	28.86	27.17	29.94	32.97	28.59	26.42	11.0000
13	28.94	32.11	29.00	27.19	30.12	33.40	28.67	26.42	12.0000
14	29.00	32.48	29.15	27.21	30.31	33.84	28.76	26.42	13.0000
15	29.06	32.86	29.31	27.23	30.52	34.26	28.86	26.43	14.0000
16	29.13	33.24	29.47	27.26	30.73	34.68	28.97	26.43	15.0000
17	29.21	33.62	29.64	27.28	30.96	35.08	29.08	26.43	16.0000
18	29.30	34.00	29.82	27.32	31.20	35.47	29.22	26.43	17.0000
19	29.40	34.37	29.99	27.36	31.44	35.85	29.35	26.44	18.0000
20	29.50	34.75	30.18	27.41	31.69	36.23	29.51	26.44	19.0000
21	29.61	35.11	30.36	27.45	31.94	36.59	29.66	26.44	20.0000
22	29.72	35.47	30.55	27.50	32.20	36.95	29.83	26.44	21.0000
23	29.85	35.81	30.75	27.56	32.46	37.29	30.00	26.44	22.0000
24	29.97	36.16	30.93	27.61	32.72	37.62	30.19	26.45	23.0000
25	30.10	36.49	31.12	27.68	32.98	37.95	30.36	26.45	24.0000
26	30.24	36.83	31.31	27.74	33.25	38.27	30.56	26.45	25.0000
27	30.38	37.15	31.49	27.81	33.52	38.58	30.76	26.46	26.0000
28	30.52	37.46	31.68	27.88	33.78	38.87	30.95	26.47	27.0000
29	30.67	37.76	31.86	27.95	34.05	39.17	31.16	26.47	28.0000
30	30.81	38.07	32.05	28.03	34.31	39.46	31.36	26.48	29.0000
31	30.96	38.36	32.23	28.10	34.58	39.74	31.57	26.48	30.0000
32	31.11	38.64	32.40	28.18	34.85	40.00	31.78	26.48	31.0000
33	31.26	38.91	32.57	28.26	35.10	40.26	32.00	26.48	32.0000
34	31.41	39.19	32.75	28.34	35.37	40.53	32.21	26.49	33.0000
35	31.57	39.46	32.93	28.42	35.64	40.79	32.43	26.49	34.0000
36	31.73	39.72	33.10	28.51	35.90	41.05	32.65	26.51	35.0000
37	31.89	39.98	33.28	28.60	36.16	41.31	32.87	26.51	36.0000
38	32.05	40.23	33.44	28.69	36.42	41.56	33.10	26.52	37.0000
39	32.21	40.47	33.61	28.78	36.68	41.80	33.32	26.53	38.0000
40	32.37	40.71	33.77	28.87	36.94	42.04	33.54	26.54	39.0000
41	32.53	40.94	33.93	28.96	37.20	42.28	33.77	26.55	40.0000
42	32.69	41.18	34.10	29.05	37.45	42.52	33.99	26.56	41.0000
43	32.85	41.40	34.25	29.14	37.70	42.75	34.21	26.57	42.0000
44	33.01	41.61	34.41	29.23	37.95	42.97	34.43	26.59	43.0000
45	33.17	41.83	34.56	29.32	38.20	43.19	34.65	26.60	44.0000
46	33.33	42.04	34.71	29.42	38.45	43.41	34.88	26.61	45.0000
47	33.49	42.25	34.86	29.52	38.69	43.63	35.10	26.63	46.0000
48	33.65	42.45	35.01	29.61	38.93	43.85	35.32	26.64	47.0000
49	33.81	42.65	35.15	29.70	39.17	44.06	35.54	26.65	48.0000
50	33.97	42.84	35.29	29.80	39.41	44.27	35.75	26.67	49.0000
51	34.12	43.03	35.43	29.89	39.66	44.48	35.97	26.69	50.0000
52	34.28	43.22	35.57	29.99	39.89	44.68	36.18	26.71	51.0000
53	34.44	43.40	35.71	30.08	40.12	44.88	36.39	26.73	52.0000
54	34.60	43.58	35.85	30.18	40.35	45.08	36.60	26.74	53.0000
55	34.75	43.76	35.98	30.28	40.58	45.28	36.81	26.76	54.0000
56	34.91	43.93	36.10	30.36	40.81	45.48	37.02	26.78	55.0000
57	35.07	44.11	36.24	30.46	41.04	45.67	37.22	26.81	56.0000
58	35.22	44.28	36.36	30.56	41.26	45.86	37.42	26.83	57.0000
59	35.38	44.44	36.48	30.65	41.48	46.05	37.63	26.85	58.0000
60	35.53	44.60	36.61	30.75	41.71	46.25	37.82	26.88	59.0000
61	35.68	44.77	36.74	30.84	41.92	46.43	38.02	26.90	60.0000
62	35.83	44.93	36.86	30.93	42.14	46.61	38.22	26.93	61.0000
63	35.98	45.08	36.98	31.03	42.35	46.79	38.41	26.95	62.0000
64	36.13	45.23	37.10	31.12	42.57	46.97	38.61	26.98	63.0000
65	36.29	45.39	37.22	31.22	42.77	47.15	38.80	27.00	64.0000
66	36.43	45.53	37.33	31.31	42.99	47.33	38.99	27.03	65.0000
67	36.58	45.68	37.44	31.40	43.19	47.50	39.17	27.06	66.0000
68	36.73	45.83	37.55	31.50	43.40	47.68	39.37	27.10	67.0000
69	36.88	45.97	37.67	31.59	43.60	47.84	39.55	27.12	68.0000
70	37.03	46.11	37.78	31.69	43.80	48.01	39.73	27.16	69.0000
71	37.17	46.25	37.89	31.78	44.00	48.19	39.91	27.19	70.0000
72	37.32	46.39	38.00	31.88	44.20	48.35	40.09	27.22	71.0000
73	37.46	46.52	38.11	31.97	44.40	48.52	40.27	27.25	72.0000
74	37.60	46.66	38.21	32.05	44.59	48.68	40.45	27.29	73.0000
75	37.75	46.79	38.32	32.15	44.79	48.84	40.62	27.32	74.0000
76	37.89	46.92	38.43	32.24	44.97	49.00	40.79	27.35	75.0000
77	38.03	47.05	38.53	32.33	45.16	49.16	40.97	27.39	76.0000
78	38.17	47.18	38.64	32.43	45.35	49.31	41.14	27.42	77.0000
79	38.31	47.30	38.74	32.52	45.54	49.47	41.31	27.46	78.0000
80	38.45	47.42	38.84	32.60	45.72	49.62	41.48	27.50	79.0000
81	38.59	47.55	38.94	32.70	45.90	49.78	41.64	27.54	80.0000
82	38.72	47.67	39.04	32.79	46.09	49.93	41.81	27.57	81.0000
83	38.86	47.79	39.14	32.87	46.26	50.08	41.97	27.62	82.0000
84	38.99	47.91	39.24	32.97	46.45	50.23	42.13	27.65	83.0000
85	39.13	48.02	39.34	33.05	46.62	50.37	42.29	27.69	84.0000
86	39.27	48.14	39.43	33.15	46.80	50.52	42.45	27.73	85.0000
87	39.39	48.26	39.53	33.23	46.97	50.67	42.61	27.78	86.0000
88	39.53	48.37	39.62	33.32	47.14	50.81	42.76	27.82	87.0000
89	39.66	48.49	39.72	33.41	47.31	50.95	42.92	27.86	88.0000
90	39.79	48.59	39.81	33.50	47.49	51.09	43.06	27.90	89.0000
91	39.92	48.70	39.90	33.58	47.65	51.24	43.22	27.95	90.0000
92	40.05	48.81	39.99	33.67	47.81	51.37	43.37	27.99	91.0000
93	40.18	48.92	40.08	33.76	47.98	51.51	43.51	28.04	92.0000
94	40.31	49.03	40.17	33.85	48.14	51.65	43.65	28.08	93.0000
95	40.43	49.14	40.27	33.94	48.31	51.78	43.80	28.12	94.0000
96	40.55	49.24	40.35	34.02	48.46	51.92	43.94	28.17	95.0000
97	40.68	49.34	40.44	34.11	48.62	52.04	44.08	28.21	96.0000
98	40.80	49.44	40.52	34.19	48.78	52.18	44.22	28.26	97.0000
99	40.93	49.55	40.61	34.28	48.93	52.31	44.36	28.31	98.0000
100	41.05	49.65	40.69	34.36	49.09	52.43	44.49	28.35	99.0000
101	41.17	49.75	40.77	34.44	49.24	52.57	44.62	28.40	100.0000
102	41.29	49.83	40.86	34.53	49.40	52.68	44.76	28.45	101.0000
103	41.41	49.90	40.94	34.61	49.54	52.73	44.89	28.49	102.0000
104	41.53	49.94	41.01	34.70	49.69	52.72	45.02	28.54	103.0000
105	41.66	49.92	41.07	34.78	49.82	52.64	45.15	28.59	104.0000
106	41.77	49.87	41.11	34.86	49.94	52.51	45.27	28.64	105.0000
107	41.88	49.77	41.14	34.94	50.04	52.34	45.39	28.69	106.0000
108	41.99	49.63	41.15	35.02	50.12	52.13	45.49	28.74	107.0000
109	42.09	49.46	41.15	35.09	50.18	51.90	45.59	28.79	108.0000
110	42.19	49.27	41.13	35.17	50.22	51.65	45.67	28.84	109.0000
111	42.27	49.05	41.09	35.24	50.24	51.38	45.74	28.89	110.0000
112	42.35	48.81	41.06	35.32	50.24	51.11	45.80	28.94	111.0000
113	42.42	48.57	41.00	35.38	50.22	50.84	45.84	28.99	112.0000
114	42.48	48.32	40.94	35.44	50.20	50.58	45.87	29.03	113.0000
115	42.54	48.06	40.87	35.50	50.15	50.31	45.89	29.08	114.0000
116	42.58	47.79	40.80	35.55	50.10	50.05	45.89	29.13	115.0000
117	42.61	47.53	40.71	35.60	50.04	49.79	45.89	29.19	116.0000
118	42.65	47.27	40.63	35.65	49.96	49.55	45.86	29.24	117.0000
119	42.67	47.01	40.54	35.69	49.88	49.31	45.83	29.29	118.0000
120	42.68	46.76	40.45	35.73	49.79	49.07	45.79	29.34	119.0000
121	42.68	46.51	40.35	35.76	49.69	48.84	45.75	29.39	120.0000
122	42.68	46.26	40.26	35.79	49.59	48.62	45.68	29.44	121.0000
123	42.67	46.02	40.16	35.82	49.49	48.41	45.62	29.49	122.0000
124	42.67	45.79	40.06	35.85	49.38	48.21	45.54	29.54	123.0000
125	42.65	45.56	39.96	35.87	49.26	48.02	45.46	29.59	124.0000
126	42.63	45.34	39.87	35.88	49.15	47.83	45.37	29.64	125.0000
127	42.61	45.13	39.77	35.90	49.03	47.64	45.28	29.69	126.0000
128	42.58	44.93	39.68	35.91	48.92	47.47	45.18	29.74	127.0000
129	42.55	44.72	39.58	35.92	48.80	47.29	45.08	29.79	128.0000
130	42.52	44.53	39.49	35.93	48.68	47.13	44.98	29.84	129.0000
131	42.47	44.34	39.40	35.93	48.55	46.97	44.87	29.89	130.0000
132	42.43	44.16	39.31	35.94	48.43	46.81	44.75	29.94	131.0000
133	42.39	43.99	39.22	35.94	48.31	46.66	44.64	29.99	132.0000
134	42.35	43.81	39.14	35.94	48.18	46.52	44.52	30.03	133.0000
135	42.31	43.65	39.05	35.94	48.06	46.37	44.40	30.09	134.0000
136	42.27	43.50	38.96	35.94	47.93	46.24	44.28	30.13	135.0000
137	42.21	43.35	38.88	35.93	47.81	46.10	44.16	30.18	136.0000
138	42.17	43.19	38.80	35.92	47.68	45.97	44.03	30.22	137.0000
139	42.12	43.05	38.71	35.90	47.56	45.84	43.89	30.26	138.0000
140	42.07	42.92	38.64	35.90	47.44	45.72	43.76	30.30	139.0000
141	42.02	42.78	38.57	35.89	47.32	45.60	43.63	30.34	140.0000
142	41.97	42.65	38.50	35.89	47.20	45.48	43.51	30.40	141.0000
143	41.92	42.53	38.43	35.88	47.07	45.36	43.39	30.44	142.0000
144	41.86	42.41	38.37	35.87	46.95	45.24	43.27	30.49	143.0000
145	41.81	42.29	38.30	35.85	46.83	45.14	43.15	30.53	144.0000
146	41.76	42.18	38.23	35.84	46.72	45.03	43.03	30.57	145.0000
147	41.71	42.07	38.16	35.83	46.60	44.93	42.90	30.61	146.0000
148	41.65	41.97	38.10	35.81	46.48	44.82	42.78	30.65	147.0000
149	41.60	41.86	38.04	35.80	46.37	44.72	42.66	30.70	148.0000
150	41.55	41.77	37.98	35.78	46.25	44.61	42.53	30.73	149.0000
151	41.49	41.67	37.92	35.77	46.14	44.52	42.41	30.77	150.0000
152	41.44	41.58	37.86	35.75	46.02	44.42	42.29	30.81	151.0000
153	41.39	41.49	37.80	35.74	45.92	44.32	42.17	30.85	152.0000
154	41.34	41.40	37.75	35.72	45.81	44.23	42.05	30.88	153.0000
155	41.29	41.32	37.69	35.70	45.70	44.13	41.93	30.92	154.0000
156	41.24	41.24	37.64	35.68	45.59	44.05	41.82	30.95	155.0000
157	41.19	41.16	37.59	35.66	45.49	43.96	41.70	30.98	156.0000
158	41.13	41.08	37.55	35.65	45.38	43.87	41.59	31.01	157.0000
159	41.08	41.00	37.50	35.63	45.28	43.78	41.48	31.04	158.0000
160	41.04	40.93	37.45	35.61	45.18	43.70	41.37	31.06	159.0000
161	40.98	40.86	37.41	35.60	45.08	43.61	41.26	31.10	160.0000
162	40.93	40.79	37.37	35.58	44.98	43.53	41.15	31.13	161.0000
163	40.88	40.73	37.32	35.57	44.88	43.45	41.05	31.16	162.0000
164	40.83	40.66	37.28	35.54	44.78	43.37	40.94	31.19	163.0000
165	40.78	40.60	37.24	35.53	44.68	43.30	40.83	31.21	164.0000
166	40.73	40.54	37.20	35.51	44.59	43.22	40.74	31.24	165.0000
167	40.69	40.48	37.16	35.49	44.49	43.14	40.64	31.26	166.0000
168	40.64	40.43	37.13	35.47	44.40	43.07	40.54	31.28	167.0000
169	40.59	40.37	37.09	35.46	44.31	43.00	40.44	31.31	168.0000
170	40.54	40.32	37.06	35.44	44.21	42.93	40.34	31.34	169.0000
171	40.49	40.26	37.02	35.42	44.13	42.85	40.25	31.36	170.0000
172	40.44	40.21	36.99	35.40	44.04	42.78	40.16	31.38	171.0000
173	40.40	40.16	36.95	35.38	43.95	42.72	40.07	31.40	172.0000
174	40.35	40.11	36.92	35.37	43.86	42.65	39.97	31.42	173.0000
175	40.31	40.07	36.89	35.34	43.77	42.58	39.89	31.44	174.0000
176	40.26	40.02	36.85	35.33	43.69	42.52	39.79	31.46	175.0000
177	40.22	39.98	36.82	35.31	43.61	42.45	39.71	31.48	176.0000
178	40.18	39.94	36.79	35.29	43.53	42.39	39.62	31.50	177.0000
179	40.13	39.89	36.76	35.27	43.45	42.32	39.54	31.52	178.0000
180	40.09	39.85	36.74	35.26	43.36	42.26	39.46	31.53	179.0000
181	40.05	39.81	36.71	35.24	43.29	42.20	39.37	31.54	180.0000
182	40.00	39.77	36.68	35.22	43.21	42.14	39.30	31.56	181.0000
183	39.96	39.73	36.66	35.20	43.13	42.08	39.21	31.58	182.0000
184	39.92	39.69	36.63	35.18	43.05	42.02	39.14	31.59	183.0000
185	39.88	39.66	36.60	35.17	42.98	41.97	39.06	31.60	184.0000
186	39.84	39.62	36.58	35.15	42.90	41.91	38.99	31.61	185.0000
187	39.80	39.59	36.56	35.14	42.83	41.86	38.91	31.62	186.0000
188	39.75	39.55	36.54	35.12	42.76	41.80	38.84	31.64	187.0000
189	39.72	39.52	36.52	35.10	42.69	41.75	38.77	31.65	188.0000
190	39.67	39.49	36.50	35.08	42.61	41.69	38.71	31.66	189.0000
191	39.64	39.46	36.47	35.07	42.55	41.64	38.64	31.67	190.0000
192	39.60	39.43	36.45	35.05	42.48	41.59	38.57	31.68	191.0000
193	39.56	39.40	36.43	35.04	42.41	41.54	38.50	31.69	192.0000
194	39.53	39.37	36.41	35.02	42.34	41.49	38.44	31.70	193.0000
195	39.49	39.34	36.39	35.00	42.28	41.44	38.37	31.71	194.0000
196	39.45	39.31	36.38	34.99	42.21	41.39	38.32	31.72	195.0000
197	39.42	39.29	36.36	34.97	42.14	41.34	38.25	31.72	196.0000
198	39.38	39.26	36.34	34.96	42.08	41.29	38.19	31.73	197.0000
199	39.35	39.23	36.32	34.94	42.02	41.24	38.13	31.74	198.0000
200	39.31	39.21	36.30	34.92	41.96	41.20	38.08	31.74	199.0000
201	39.28	39.18	36.28	34.91	41.89	41.15	38.02	31.75	200.0000
202	39.24	39.16	36.27	34.89	41.84	41.12	37.97	31.76	201.0000
203	39.21	39.17	36.26	34.89	41.78	41.17	37.91	31.76	202.0000
204	39.17	39.22	36.26	34.87	41.73	41.29	37.86	31.76	203.0000
205	39.14	39.33	36.27	34.86	41.68	41.51	37.81	31.77	204.0000
206	39.11	39.49	36.30	34.85	41.66	41.78	37.77	31.78	205.0000
207	39.08	39.69	36.34	34.83	41.66	42.10	37.74	31.78	206.0000
208	39.06	39.93	36.39	34.82	41.68	42.45	37.72	31.79	207.0000
209	39.04	40.21	36.47	34.81	41.73	42.82	37.71	31.79	208.0000
210	39.03	40.50	36.56	34.81	41.79	43.21	37.70	31.79	209.0000
211	39.03	40.82	36.66	34.80	41.89	43.60	37.71	31.80	210.0000
212	39.04	41.15	36.77	34.80	42.00	43.99	37.74	31.80	211.0000
213	39.05	41.49	36.89	34.80	42.12	44.38	37.78	31.81	212.0000
214	39.08	41.83	37.03	34.80	42.27	44.75	37.83	31.81	213.0000
215	39.12	42.19	37.17	34.82	42.42	45.12	37.89	31.81	214.0000
216	39.16	42.54	37.32	34.83	42.59	45.49	37.97	31.81	215.0000
217	39.21	42.89	37.48	34.84	42.76	45.84	38.05	31.81	216.0000
218	39.28	43.23	37.63	34.86	42.94	46.18	38.14	31.82	217.0000
219	39.34	43.57	37.80	34.89	43.13	46.51	38.24	31.82	218.0000
220	39.41	43.90	37.96	34.92	43.33	46.83	38.35	31.82	219.0000
221	39.50	44.24	38.13	34.95	43.53	47.14	38.48	31.82	220.0000
222	39.59	44.56	38.30	34.99	43.73	47.44	38.60	31.82	221.0000
223	39.68	44.88	38.47	35.03	43.94	47.73	38.74	31.82	222.0000
224	39.77	45.19	38.64	35.07	44.15	48.02	38.88	31.82	223.0000
225	39.88	45.50	38.81	35.12	44.35	48.30	39.03	31.83	224.0000
226	39.98	45.79	38.98	35.17	44.57	48.56	39.18	31.83	225.0000
227	40.09	46.08	39.15	35.22	44.79	48.82	39.34	31.84	226.0000
228	40.21	46.37	39.32	35.28	44.99	49.08	39.50	31.83	227.0000
229	40.32	46.64	39.48	35.34	45.21	49.33	39.67	31.83	228.0000
230	40.44	46.91	39.65	35.39	45.43	49.56	39.84	31.84	229.0000
231	40.56	47.17	39.81	35.45	45.64	49.80	40.02	31.84	230.0000
232	40.68	47.42	39.97	35.52	45.86	50.04	40.20	31.85	231.0000
233	40.81	47.67	40.14	35.59	46.07	50.26	40.37	31.85	232.0000
234	40.93	47.92	40.29	35.65	46.29	50.49	40.56	31.85	233.0000
235	41.06	48.15	40.44	35.72	46.51	50.70	40.73	31.86	234.0000
236	41.18	48.38	40.60	35.79	46.71	50.92	40.92	31.86	235.0000
237	41.31	48.61	40.74	35.86	46.92	51.12	41.10	31.86	236.0000
238	41.45	48.83	40.90	35.94	47.13	51.33	41.29	31.87	237.0000
239	41.58	49.04	41.05	36.01	47.34	51.53	41.48	31.87	238.0000
240	41.70	49.25	41.19	36.09	47.55	51.73	41.67	31.88	239.0000
241	41.83	49.45	41.34	36.16	47.76	51.92	41.85	31.89	240.0000
242	41.96	49.66	41.48	36.24	47.97	52.11	42.04	31.90	241.0000
243	42.09	49.85	41.62	36.32	48.17	52.30	42.23	31.91	242.0000
244	42.23	50.05	41.76	36.40	48.37	52.49	42.42	31.91	243.0000
245	42.36	50.22	41.89	36.47	48.57	52.67	42.61	31.93	244.0000
246	42.49	50.40	42.02	36.55	48.77	52.85	42.80	31.93	245.0000
247	42.62	50.58	42.15	36.63	48.97	53.03	42.98	31.94	246.0000
248	42.75	50.77	42.29	36.71	49.16	53.20	43.17	31.95	247.0000
249	42.88	50.93	42.41	36.80	49.36	53.37	43.35	31.96	248.0000
250	43.01	51.10	42.54	36.88	49.55	53.54	43.53	31.98	249.0000
251	43.14	51.26	42.67	36.96	49.74	53.71	43.72	31.99	250.0000
252	43.27	51.43	42.79	37.04	49.94	53.88	43.90	32.00	251.0000
253	43.40	51.58	42.90	37.12	50.12	54.04	44.08	32.02	252.0000
254	43.53	51.74	43.03	37.20	50.32	54.20	44.27	32.04	253.0000
255	43.66	51.89	43.15	37.28	50.50	54.36	44.44	32.04	254.0000
256	43.79	52.04	43.27	37.36	50.68	54.52	44.63	32.06	255.0000
257	43.91	52.18	43.38	37.44	50.87	54.68	44.81	32.08	256.0000
258	44.04	52.32	43.49	37.52	51.05	54.84	44.98	32.10	257.0000
259	44.17	52.46	43.60	37.61	51.22	54.99	45.15	32.12	258.0000
260	44.29	52.60	43.72	37.69	51.40	55.14	45.33	32.14	259.0000
261	44.41	52.74	43.83	37.77	51.58	55.29	45.50	32.16	260.0000
262	44.54	52.87	43.94	37.85	51.76	55.44	45.67	32.18	261.0000
263	44.67	53.00	44.05	37.93	51.93	55.58	45.84	32.20	262.0000
264	44.79	53.13	44.16	38.01	52.10	55.73	46.01	32.23	263.0000
265	44.91	53.25	44.25	38.09	52.27	55.87	46.18	32.25	264.0000
266	45.03	53.38	44.36	38.18	52.44	56.02	46.34	32.27	265.0000
267	45.15	53.50	44.46	38.26	52.61	56.16	46.51	32.30	266.0000
268	45.28	53.62	44.56	38.34	52.77	56.29	46.67	32.32	267.0000
269	45.39	53.74	44.66	38.42	52.93	56.43	46.82	32.35	268.0000
270	45.51	53.86	44.76	38.50	53.10	56.57	46.99	32.38	269.0000
271	45.64	53.98	44.85	38.58	53.26	56.70	47.14	32.40	270.0000
272	45.75	54.09	44.96	38.66	53.42	56.83	47.30	32.43	271.0000
273	45.87	54.20	45.05	38.74	53.57	56.96	47.45	32.46	272.0000
274	45.99	54.31	45.14	38.83	53.73	57.10	47.60	32.49	273.0000
275	46.11	54.42	45.23	38.90	53.88	57.23	47.75	32.52	274.0000
276	46.22	54.53	45.32	38.98	54.04	57.36	47.90	32.55	275.0000
277	46.34	54.64	45.41	39.05	54.20	57.48	48.04	32.58	276.0000
278	46.45	54.74	45.50	39.13	54.34	57.61	48.19	32.61	277.0000
279	46.56	54.85	45.59	39.22	54.49	57.74	48.33	32.65	278.0000
280	46.67	54.95	45.68	39.29	54.64	57.86	48.47	32.67	279.0000
281	46.78	55.05	45.76	39.37	54.79	57.99	48.61	32.70	280.0000
282	46.90	55.15	45.85	39.45	54.94	58.11	48.75	32.73	281.0000
283	47.01	55.25	45.93	39.53	55.07	58.23	48.88	32.76	282.0000
284	47.12	55.35	46.02	39.60	55.22	58.34	49.02	32.80	283.0000
285	47.23	55.44	46.10	39.68	55.36	58.46	49.15	32.83	284.0000
286	47.34	55.53	46.19	39.75	55.50	58.58	49.29	32.87	285.0000
287	47.44	55.63	46.27	39.83	55.64	58.69	49.42	32.91	286.0000
288	47.55	55.72	46.35	39.91	55.77	58.81	49.56	32.95	287.0000
289	47.65	55.81	46.44	39.99	55.91	58.92	49.69	32.98	288.0000
290	47.76	55.90	46.52	40.06	56.04	59.03	49.82	33.02	289.0000
291	47.87	56.00	46.61	40.14	56.18	59.15	49.95	33.06	290.0000
292	47.97	56.08	46.68	40.22	56.32	59.26	50.08	33.10	291.0000
293	48.08	56.17	46.77	40.29	56.44	59.36	50.20	33.14	292.0000
294	48.18	56.26	46.85	40.37	56.57	59.47	50.32	33.17	293.0000
295	48.28	56.34	46.92	40.44	56.70	59.57	50.44	33.21	294.0000
296	48.39	56.43	47.00	40.52	56.83	59.68	50.57	33.25	295.0000
297	48.49	56.51	47.08	40.60	56.96	59.79	50.69	33.30	296.0000
298	48.59	56.59	47.15	40.67	57.08	59.89	50.81	33.33	297.0000
299	48.69	56.68	47.23	40.74	57.20	60.00	50.92	33.38	298.0000
300	48.79	56.76	47.30	40.82	57.33	60.10	51.04	33.42	299.0000
301	48.89	56.84	47.37	40.89	57.45	60.19	51.15	33.46	300.0000
302	48.99	56.92	47.45	40.96	57.57	60.30	51.27	33.50	301.0000
303	49.09	56.99	47.52	41.04	57.69	60.37	51.38	33.54	302.0000
304	49.18	57.03	47.58	41.11	57.81	60.38	51.49	33.59	303.0000
305	49.28	57.04	47.64	41.18	57.92	60.34	51.60	33.63	304.0000
306	49.37	56.99	47.69	41.25	58.02	60.23	51.71	33.67	305.0000
307	49.46	56.91	47.72	41.33	58.10	60.06	51.81	33.72	306.0000
308	49.55	56.78	47.73	41.39	58.17	59.86	51.90	33.76	307.0000
309	49.64	56.63	47.73	41.46	58.22	59.62	51.98	33.81	308.0000
310	49.71	56.44	47.71	41.53	58.24	59.36	52.05	33.85	309.0000
311	49.79	56.23	47.67	41.59	58.25	59.09	52.11	33.90	310.0000
312	49.85	55.99	47.63	41.65	58.23	58.81	52.15	33.95	311.0000
313	49.91	55.75	47.57	41.71	58.21	58.52	52.18	33.98	312.0000
314	49.96	55.49	47.50	41.77	58.16	58.23	52.20	34.03	313.0000
315	50.00	55.23	47.43	41.82	58.10	57.94	52.20	34.08	314.0000
316	50.03	54.96	47.35	41.86	58.03	57.66	52.20	34.12	315.0000
317	50.05	54.69	47.26	41.91	57.94	57.37	52.18	34.16	316.0000
318	50.06	54.42	47.16	41.94	57.85	57.11	52.15	34.21	317.0000
319	50.06	54.15	47.07	41.98	57.75	56.84	52.11	34.25	318.0000
320	50.06	53.88	46.96	42.01	57.64	56.58	52.05	34.30	319.0000
321	50.05	53.62	46.86	42.03	57.53	56.34	51.99	34.34	320.0000
322	50.04	53.36	46.75	42.06	57.41	56.10	51.92	34.39	321.0000
323	50.02	53.11	46.64	42.08	57.29	55.86	51.84	34.44	322.0000
324	49.99	52.86	46.53	42.09	57.16	55.63	51.75	34.48	323.0000
325	49.96	52.62	46.42	42.10	57.03	55.41	51.66	34.52	324.0000
326	49.93	52.39	46.31	42.12	56.89	55.20	51.56	34.57	325.0000
327	49.89	52.16	46.20	42.12	56.75	54.99	51.45	34.62	326.0000
328	49.84	51.94	46.09	42.13	56.61	54.79	51.34	34.66	327.0000
329	49.80	51.73	45.98	42.13	56.47	54.60	51.23	34.71	328.0000
330	49.75	51.52	45.88	42.12	56.32	54.41	51.11	34.76	329.0000
331	49.70	51.31	45.78	42.12	56.18	54.22	50.98	34.80	330.0000
332	49.64	51.12	45.66	42.11	56.04	54.05	50.86	34.85	331.0000
333	49.59	50.92	45.56	42.10	55.90	53.87	50.73	34.89	332.0000
334	49.53	50.74	45.47	42.09	55.75	53.70	50.60	34.94	333.0000
335	49.47	50.56	45.36	42.08	55.60	53.54	50.46	34.98	334.0000
336	49.41	50.39	45.26	42.06	55.46	53.38	50.33	35.02	335.0000
337	49.34	50.23	45.17	42.05	55.32	53.23	50.19	35.06	336.0000
338	49.28	50.06	45.07	42.03	55.17	53.07	50.05	35.10	337.0000
339	49.22	49.91	44.98	42.01	55.03	52.92	49.91	35.14	338.0000
340	49.15	49.76	44.89	41.99	54.88	52.78	49.77	35.19	339.0000
341	49.09	49.61	44.80	41.97	54.74	52.63	49.63	35.22	340.0000
342	49.02	49.46	44.71	41.95	54.60	52.50	49.49	35.26	341.0000
343	48.96	49.33	44.63	41.93	54.46	52.36	49.35	35.30	342.0000
344	48.89	49.20	44.55	41.90	54.32	52.23	49.21	35.34	343.0000
345	48.82	49.06	44.47	41.88	54.18	52.09	49.07	35.37	344.0000
346	48.75	48.94	44.39	41.86	54.04	51.96	48.93	35.41	345.0000
347	48.69	48.81	44.31	41.83	53.90	51.84	48.79	35.45	346.0000
348	48.62	48.69	44.23	41.80	53.77	51.72	48.65	35.48	347.0000
349	48.55	48.57	44.16	41.78	53.63	51.59	48.51	35.52	348.0000
350	48.48	48.46	44.09	41.76	53.50	51.47	48.38	35.55	349.0000
351	48.42	48.35	44.02	41.73	53.36	51.35	48.25	35.58	350.0000
352	48.35	48.25	43.94	41.70	53.23	51.23	48.11	35.61	351.0000
353	48.28	48.15	43.88	41.68	53.10	51.11	47.98	35.64	352.0000
354	48.22	48.05	43.81	41.65	52.97	51.01	47.84	35.67	353.0000
355	48.15	47.95	43.74	41.62	52.84	50.90	47.71	35.69	354.0000
356	48.08	47.86	43.68	41.59	52.71	50.79	47.58	35.73	355.0000
357	48.01	47.76	43.62	41.56	52.59	50.69	47.45	35.75	356.0000
358	47.95	47.67	43.55	41.53	52.47	50.58	47.32	35.78	357.0000
359	47.88	47.58	43.49	41.51	52.34	50.48	47.20	35.81	358.0000
360	47.81	47.50	43.44	41.48	52.22	50.37	47.08	35.84	359.0000
361	47.74	47.41	43.38	41.45	52.10	50.27	46.95	35.86	360.0000
362	47.68	47.33	43.32	41.42	51.98	50.17	46.83	35.89	361.0000
363	47.61	47.25	43.27	41.39	51.86	50.08	46.71	35.91	362.0000
364	47.55	47.17	43.21	41.36	51.75	49.99	46.60	35.94	363.0000
365	47.48	47.09	43.15	41.33	51.63	49.89	46.48	35.96	364.0000
366	47.42	47.02	43.10	41.30	51.52	49.80	46.37	35.99	365.0000
367	47.35	46.94	43.05	41.27	51.40	49.70	46.25	36.01	366.0000
368	47.29	46.88	43.00	41.24	51.28	49.61	46.14	36.03	367.0000
369	47.23	46.81	42.95	41.21	51.17	49.52	46.02	36.05	368.0000
370	47.16	46.73	42.90	41.18	51.07	49.43	45.92	36.07	369.0000
371	47.10	46.67	42.85	41.15	50.96	49.34	45.81	36.08	370.0000
372	47.04	46.61	42.81	41.12	50.85	49.26	45.70	36.09	371.0000
373	46.98	46.54	42.76	41.10	50.75	49.17	45.60	36.11	372.0000
374	46.92	46.48	42.72	41.07	50.64	49.09	45.49	36.13	373.0000
375	46.86	46.42	42.67	41.04	50.54	49.01	45.38	36.14	374.0000
376	46.80	46.37	42.63	41.01	50.43	48.92	45.28	36.15	375.0000
377	46.74	46.31	42.59	40.98	50.33	48.84	45.19	36.17	376.0000
378	46.68	46.25	42.55	40.96	50.23	48.76	45.09	36.18	377.0000
379	46.63	46.19	42.51	40.92	50.13	48.68	44.99	36.19	378.0000
380	46.57	46.14	42.47	40.90	50.03	48.60	44.90	36.20	379.0000
381	46.51	46.08	42.43	40.87	49.94	48.52	44.81	36.21	380.0000
382	46.45	46.03	42.40	40.84	49.84	48.45	44.71	36.22	381.0000
383	46.40	45.98	42.36	40.81	49.74	48.38	44.62	36.23	382.0000
384	46.34	45.93	42.32	40.79	49.65	48.30	44.53	36.25	383.0000
385	46.28	45.88	42.28	40.76	49.56	48.23	44.45	36.25	384.0000
386	46.23	45.83	42.25	40.73	49.46	48.16	44.36	36.26	385.0000
387	46.17	45.79	42.22	40.70	49.38	48.08	44.28	36.27	386.0000
388	46.12	45.73	42.18	40.67	49.28	48.01	44.20	36.28	387.0000
389	46.06	45.69	42.15	40.65	49.20	47.94	44.11	36.28	388.0000
390	46.01	45.64	42.11	40.62	49.11	47.87	44.03	36.29	389.0000
391	45.96	45.60	42.08	40.59	49.02	47.80	43.95	36.30	390.0000
392	45.90	45.56	42.04	40.56	48.93	47.74	43.87	36.30	391.0000
393	45.85	45.51	42.01	40.54	48.84	47.67	43.79	36.30	392.0000
394	45.81	45.47	41.99	40.51	48.76	47.60	43.72	36.31	393.0000
395	45.76	45.43	41.95	40.49	48.68	47.54	43.64	36.32	394.0000
396	45.71	45.39	41.93	40.46	48.60	47.47	43.57	36.32	395.0000
397	45.66	45.35	41.90	40.43	48.51	47.41	43.50	36.32	396.0000
398	45.61	45.31	41.87	40.41	48.43	47.35	43.43	36.31	397.0000
399	45.56	45.27	41.84	40.38	48.36	47.28	43.36	36.32	398.0000
400	45.51	45.23	41.81	40.36	48.28	47.22	43.29	36.32	399.0000
401	45.46	45.20	41.79	40.33	48.20	47.16	43.22	36.32	400.0000
402	45.41	45.16	41.76	40.31	48.13	47.11	43.15	36.31	401.0000
403	45.37	45.15	41.74	40.28	48.05	47.12	43.08	36.32	402.0000
404	45.32	45.18	41.72	40.26	47.98	47.21	43.02	36.32	403.0000
405	45.28	45.25	41.72	40.23	47.92	47.39	42.96	36.31	404.0000
406	45.23	45.38	41.73	40.21	47.87	47.63	42.90	36.31	405.0000
407	45.18	45.55	41.75	40.19	47.85	47.92	42.86	36.31	406.0000
408	45.15	45.77	41.80	40.17	47.85	48.24	42.83	36.31	407.0000
409	45.11	46.02	41.85	40.14	47.87	48.59	42.80	36.32	408.0000
410	45.09	46.29	41.93	40.13	47.92	48.95	42.79	36.32	409.0000
411	45.07	46.58	42.02	40.11	47.99	49.32	42.79	36.31	410.0000
412	45.06	46.89	42.11	40.10	48.08	49.68	42.81	36.31	411.0000
413	45.06	47.20	42.23	40.09	48.18	50.04	42.83	36.31	412.0000
414	45.07	47.53	42.34	40.08	48.30	50.41	42.87	36.31	413.0000
415	45.09	47.85	42.47	40.08	48.43	50.77	42.92	36.31	414.0000
416	45.12	48.19	42.61	40.08	48.57	51.11	42.98	36.30	415.0000
417	45.15	48.51	42.75	40.09	48.73	51.44	43.05	36.30	416.0000
418	45.20	48.85	42.89	40.09	48.89	51.76	43.13	36.30	417.0000
419	45.25	49.17	43.05	40.11	49.06	52.07	43.23	36.30	418.0000
420	45.31	49.49	43.19	40.13	49.23	52.38	43.32	36.29	419.0000
421	45.38	49.80	43.36	40.15	49.41	52.67	43.43	36.29	420.0000
422	45.45	50.11	43.51	40.17	49.60	52.96	43.55	36.28	421.0000
423	45.53	50.41	43.67	40.20	49.78	53.24	43.68	36.27	422.0000
424	45.61	50.71	43.83	40.23	49.97	53.51	43.81	36.28	423.0000
425	45.70	50.99	43.99	40.27	50.16	53.76	43.95	36.27	424.0000
426	45.79	51.27	44.15	40.31	50.35	54.01	44.09	36.27	425.0000
427	45.88	51.55	44.31	40.35	50.55	54.26	44.24	36.26	426.0000
428	45.97	51.81	44.47	40.40	50.75	54.50	44.39	36.26	427.0000
429	46.07	52.07	44.62	40.44	50.94	54.73	44.55	36.26	428.0000
430	46.18	52.32	44.78	40.49	51.13	54.95	44.71	36.26	429.0000
431	46.28	52.58	44.94	40.54	51.33	55.17	44.88	36.25	430.0000
432	46.39	52.81	45.09	40.60	51.53	55.39	45.04	36.25	431.0000
433	46.50	53.05	45.23	40.65	51.73	55.60	45.21	36.25	432.0000
434	46.61	53.27	45.39	40.71	51.92	55.80	45.39	36.25	433.0000
435	46.72	53.50	45.53	40.77	52.11	56.00	45.57	36.25	434.0000
436	46.83	53.71	45.68	40.83	52.31	56.21	45.74	36.24	435.0000
437	46.94	53.92	45.82	40.89	52.50	56.39	45.91	36.24	436.0000
438	47.06	54.12	45.96	40.96	52.70	56.58	46.09	36.25	437.0000
439	47.18	54.32	46.10	41.02	52.89	56.77	46.27	36.25	438.0000
440	47.29	54.52	46.24	41.09	53.08	56.95	46.45	36.24	439.0000
441	47.41	54.71	46.37	41.16	53.26	57.13	46.63	36.24	440.0000
442	47.52	54.89	46.51	41.23	53.45	57.31	46.82	36.25	441.0000
443	47.64	55.07	46.64	41.29	53.64	57.48	46.99	36.25	442.0000
444	47.75	55.25	46.77	41.36	53.83	57.65	47.17	36.25	443.0000
445	47.87	55.42	46.90	41.43	54.01	57.82	47.36	36.26	444.0000
446	47.99	55.59	47.03	41.50	54.19	57.99	47.54	36.26	445.0000
447	48.11	55.75	47.15	41.57	54.37	58.15	47.71	36.27	446.0000
448	48.22	55.91	47.27	41.64	54.55	58.31	47.89	36.28	447.0000
449	48.33	56.07	47.39	41.72	54.73	58.47	48.07	36.28	448.0000
450	48.46	56.22	47.51	41.78	54.91	58.62	48.25	36.29	449.0000
451	48.57	56.37	47.63	41.86	55.08	58.78	48.43	36.30	450.0000
452	48.68	56.52	47.75	41.93	55.26	58.93	48.61	36.31	451.0000
453	48.80	56.66	47.86	42.00	55.43	59.08	48.78	36.31	452.0000
454	48.92	56.81	47.97	42.08	55.60	59.23	48.95	36.33	453.0000
455	49.03	56.94	48.08	42.15	55.77	59.37	49.13	36.34	454.0000
456	49.14	57.08	48.19	42.22	55.94	59.52	49.30	36.35	455.0000
457	49.26	57.21	48.30	42.29	56.11	59.66	49.47	36.36	456.0000
458	49.37	57.34	48.41	42.37	56.27	59.80	49.63	36.37	457.0000
459	49.48	57.47	48.51	42.44	56.43	59.94	49.80	36.38	458.0000
460	49.59	57.59	48.62	42.51	56.59	60.08	49.97	36.40	459.0000
461	49.70	57.71	48.73	42.59	56.76	60.22	50.14	36.41	460.0000
462	49.81	57.83	48.82	42.66	56.92	60.35	50.30	36.42	461.0000
463	49.92	57.95	48.93	42.74	57.07	60.48	50.46	36.44	462.0000
464	50.03	58.07	49.03	42.81	57.22	60.61	50.63	36.46	463.0000
465	50.14	58.18	49.13	42.89	57.38	60.75	50.79	36.48	464.0000
466	50.25	58.29	49.22	42.96	57.53	60.87	50.94	36.49	465.0000
467	50.36	58.40	49.32	43.03	57.68	61.00	51.10	36.52	466.0000
468	50.46	58.51	49.41	43.11	57.84	61.13	51.25	36.54	467.0000
469	50.57	58.61	49.50	43.18	57.98	61.26	51.41	36.56	468.0000
470	50.68	58.72	49.59	43.26	58.13	61.38	51.56	36.58	469.0000
471	50.78	58.82	49.68	43.33	58.27	61.50	51.71	36.60	470.0000
472	50.88	58.92	49.78	43.40	58.42	61.62	51.85	36.62	471.0000
473	50.99	59.02	49.87	43.48	58.57	61.74	52.00	36.65	472.0000
474	51.09	59.12	49.96	43.55	58.71	61.86	52.14	36.67	473.0000
475	51.19	59.21	50.04	43.63	58.85	61.98	52.29	36.70	474.0000
476	51.30	59.31	50.13	43.70	58.99	62.09	52.43	36.72	475.0000
477	51.39	59.40	50.22	43.77	59.13	62.21	52.57	36.75	476.0000
478	51.49	59.50	50.30	43.84	59.27	62.32	52.71	36.78	477.0000
479	51.60	59.58	50.38	43.91	59.40	62.44	52.85	36.81	478.0000
480	51.70	59.67	50.46	43.99	59.53	62.55	52.98	36.84	479.0000
481	51.79	59.76	50.55	44.06	59.66	62.66	53.12	36.87	480.0000
482	51.89	59.85	50.63	44.13	59.79	62.76	53.26	36.89	481.0000
483	51.99	59.93	50.71	44.20	59.92	62.87	53.39	36.93	482.0000
484	52.08	60.02	50.79	44.27	60.05	62.98	53.53	36.95	483.0000
485	52.18	60.10	50.87	44.35	60.18	63.08	53.65	36.99	484.0000
486	52.28	60.18	50.95	44.42	60.31	63.19	53.78	37.02	485.0000
487	52.37	60.27	51.03	44.48	60.43	63.29	53.90	37.04	486.0000
488	52.46	60.35	51.10	44.56	60.56	63.39	54.02	37.08	487.0000
489	52.55	60.43	51.18	44.63	60.68	63.49	54.15	37.10	488.0000
490	52.65	60.51	51.26	44.70	60.80	63.59	54.27	37.14	489.0000
491	52.74	60.58	51.33	44.77	60.92	63.70	54.39	37.18	490.0000
492	52.83	60.66	51.41	44.84	61.04	63.79	54.50	37.20	491.0000
493	52.92	60.74	51.48	44.91	61.16	63.89	54.62	37.23	492.0000
494	53.02	60.81	51.55	44.97	61.28	63.99	54.74	37.27	493.0000
495	53.10	60.88	51.63	45.04	61.39	64.08	54.86	37.31	494.0000
496	53.19	60.96	51.69	45.11	61.50	64.17	54.97	37.34	495.0000
497	53.28	61.03	51.76	45.18	61.62	64.27	55.08	37.38	496.0000
498	53.38	61.10	51.83	45.25	61.73	64.36	55.19	37.42	497.0000
499	53.47	61.18	51.90	45.31	61.84	64.45	55.30	37.45	498.0000
500	53.55	61.25	51.97	45.38	61.95	64.54	55.40	37.49	499.0000
501	53.64	61.32	52.03	45.44	62.06	64.63	55.51	37.53	500.0000
502	53.72	61.38	52.10	45.51	62.17	64.72	55.61	37.57	501.0000
503	53.81	61.44	52.16	45.58	62.28	64.77	55.72	37.60	502.0000
504	53.89	61.47	52.22	45.64	62.38	64.77	55.82	37.64	503.0000
505	53.98	61.46	52.27	45.71	62.47	64.70	55.92	37.68	504.0000
506	54.06	61.40	52.30	45.78	62.56	64.57	56.01	37.72	505.0000
507	54.14	61.31	52.32	45.84	62.63	64.39	56.10	37.76	506.0000
508	54.22	61.17	52.32	45.90	62.68	64.17	56.18	37.80	507.0000
509	54.28	61.00	52.31	45.97	62.71	63.93	56.25	37.84	508.0000
510	54.35	60.80	52.29	46.03	62.72	63.66	56.32	37.89	509.0000
511	54.41	60.58	52.25	46.09	62.72	63.38	56.37	37.93	510.0000
512	54.45	60.34	52.19	46.14	62.70	63.09	56.40	37.96	511.0000
513	54.50	60.09	52.13	46.19	62.66	62.79	56.42	38.01	512.0000
514	54.53	59.82	52.05	46.24	62.60	62.50	56.42	38.05	513.0000
515	54.56	59.55	51.96	46.28	62.53	62.21	56.42	38.09	514.0000
516	54.58	59.28	51.87	46.32	62.45	61.92	56.41	38.13	515.0000
517	54.59	59.01	51.77	46.36	62.35	61.64	56.38	38.17	516.0000
518	54.59	58.73	51.67	46.39	62.25	61.35	56.34	38.21	517.0000
519	54.58	58.46	51.56	46.42	62.14	61.09	56.29	38.26	518.0000
520	54.57	58.19	51.45	46.44	62.02	60.83	56.22	38.30	519.0000
521	54.55	57.93	51.33	46.46	61.90	60.57	56.15	38.34	520.0000
522	54.52	57.66	51.22	46.48	61.77	60.32	56.07	38.38	521.0000
523	54.49	57.41	51.09	46.49	61.64	60.08	55.98	38.42	522.0000
524	54.46	57.17	50.98	46.50	61.50	59.85	55.88	38.46	523.0000
525	54.42	56.92	50.86	46.50	61.36	59.62	55.78	38.51	524.0000
526	54.37	56.68	50.74	46.51	61.22	59.40	55.67	38.54	525.0000
527	54.32	56.45	50.62	46.50	61.07	59.19	55.56	38.58	526.0000
528	54.27	56.23	50.50	46.50	60.93	58.99	55.44	38.63	527.0000
529	54.22	56.01	50.38	46.49	60.78	58.79	55.32	38.67	528.0000
530	54.16	55.79	50.27	46.48	60.62	58.59	55.19	38.71	529.0000
531	54.10	55.59	50.15	46.47	60.47	58.40	55.06	38.75	530.0000
532	54.03	55.39	50.04	46.46	60.32	58.22	54.92	38.79	531.0000
533	53.97	55.20	49.93	46.44	60.17	58.04	54.79	38.83	532.0000
534	53.90	55.02	49.82	46.42	60.02	57.86	54.64	38.87	533.0000
535	53.83	54.83	49.71	46.41	59.86	57.69	54.50	38.91	534.0000
536	53.77	54.66	49.61	46.38	59.71	57.53	54.36	38.95	535.0000
537	53.70	54.49	49.50	46.36	59.56	57.36	54.22	38.98	536.0000
538	53.63	54.33	49.40	46.34	59.40	57.20	54.07	39.02	537.0000
539	53.56	54.16	49.30	46.31	59.26	57.05	53.93	39.06	538.0000
540	53.49	54.01	49.20	46.29	59.11	56.90	53.78	39.09	539.0000
541	53.41	53.85	49.10	46.26	58.96	56.75	53.64	39.13	540.0000
542	53.34	53.71	49.01	46.23	58.80	56.60	53.49	39.16	541.0000
543	53.26	53.56	48.92	46.21	58.66	56.46	53.34	39.20	542.0000
544	53.19	53.43	48.82	46.18	58.51	56.32	53.20	39.23	543.0000
545	53.12	53.29	48.73	46.14	58.36	56.18	53.05	39.26	544.0000
546	53.04	53.16	48.65	46.12	58.22	56.05	52.90	39.29	545.0000
547	52.97	53.04	48.56	46.08	58.07	55.92	52.75	39.33	546.0000
548	52.89	52.91	48.48	46.05	57.93	55.78	52.62	39.35	547.0000
549	52.82	52.79	48.39	46.02	57.79	55.66	52.47	39.39	548.0000
550	52.74	52.67	48.31	45.99	57.65	55.53	52.33	39.42	549.0000
551	52.66	52.56	48.24	45.95	57.50	55.41	52.19	39.45	550.0000
552	52.59	52.44	48.15	45.92	57.36	55.29	52.04	39.47	551.0000
553	52.52	52.33	48.08	45.89	57.23	55.17	51.90	39.50	552.0000
554	52.44	52.23	48.00	45.86	57.10	55.05	51.77	39.53	553.0000
555	52.37	52.13	47.93	45.82	56.95	54.94	51.63	39.55	554.0000
556	52.30	52.03	47.86	45.79	56.82	54.82	51.50	39.58	555.0000
557	52.22	51.93	47.79	45.75	56.69	54.71	51.36	39.60	556.0000
558	52.14	51.83	47.72	45.72	56.56	54.60	51.23	39.63	557.0000
559	52.07	51.74	47.66	45.68	56.43	54.49	51.10	39.65	558.0000
560	52.00	51.65	47.59	45.65	56.30	54.38	50.96	39.67	559.0000
561	51.93	51.56	47.53	45.61	56.17	54.27	50.84	39.69	560.0000
562	51.86	51.47	47.46	45.58	56.05	54.16	50.71	39.71	561.0000
563	51.78	51.39	47.40	45.54	55.92	54.06	50.59	39.73	562.0000
564	51.71	51.31	47.34	45.50	55.80	53.96	50.46	39.75	563.0000
565	51.64	51.22	47.28	45.47	55.68	53.86	50.34	39.77	564.0000
566	51.57	51.14	47.22	45.44	55.56	53.76	50.22	39.78	565.0000
567	51.50	51.06	47.16	45.40	55.44	53.66	50.10	39.80	566.0000
568	51.43	50.99	47.11	45.37	55.32	53.56	49.98	39.83	567.0000
569	51.36	50.92	47.05	45.33	55.21	53.47	49.87	39.83	568.0000
570	51.30	50.84	47.00	45.30	55.09	53.37	49.75	39.84	569.0000
571	51.22	50.77	46.94	45.26	54.97	53.28	49.64	39.86	570.0000
572	51.16	50.70	46.89	45.22	54.86	53.19	49.53	39.87	571.0000
573	51.09	50.63	46.84	45.19	54.75	53.09	49.41	39.88	572.0000
574	51.02	50.57	46.79	45.16	54.64	53.01	49.30	39.89	573.0000
575	50.96	50.50	46.74	45.12	54.53	52.91	49.19	39.90	574.0000
576	50.89	50.44	46.69	45.09	54.42	52.83	49.09	39.91	575.0000
577	50.83	50.37	46.65	45.06	54.31	52.75	48.99	39.92	576.0000
578	50.77	50.31	46.60	45.02	54.21	52.66	48.88	39.93	577.0000
579	50.69	50.25	46.56	44.99	54.10	52.57	48.79	39.94	578.0000
580	50.63	50.19	46.51	44.96	54.00	52.49	48.68	39.95	579.0000
581	50.57	50.13	46.46	44.92	53.90	52.41	48.58	39.95	580.0000
582	50.50	50.08	46.42	44.89	53.79	52.33	48.48	39.96	581.0000
583	50.44	50.02	46.38	44.85	53.69	52.25	48.40	39.96	582.0000
584	50.38	49.96	46.33	44.82	53.60	52.17	48.30	39.97	583.0000
585	50.32	49.91	46.29	44.79	53.50	52.09	48.20	39.97	584.0000
586	50.26	49.85	46.25	44.75	53.40	52.01	48.11	39.97	585.0000
587	50.20	49.80	46.21	44.73	53.30	51.94	48.02	39.98	586.0000
588	50.14	49.75	46.17	44.69	53.21	51.86	47.93	39.98	587.0000
589	50.08	49.70	46.13	44.66	53.11	51.78	47.85	39.98	588.0000
590	50.03	49.65	46.09	44.63	53.02	51.71	47.76	39.98	589.0000
591	49.97	49.60	46.06	44.59	52.93	51.63	47.68	39.99	590.0000
592	49.91	49.55	46.02	44.56	52.84	51.57	47.59	39.99	591.0000
593	49.85	49.50	45.98	44.53	52.74	51.49	47.51	39.99	592.0000
594	49.79	49.45	45.94	44.50	52.65	51.42	47.43	39.99	593.0000
595	49.73	49.41	45.91	44.47	52.56	51.35	47.35	39.99	594.0000
596	49.68	49.36	45.87	44.43	52.47	51.28	47.27	39.99	595.0000
597	49.62	49.31	45.83	44.40	52.39	51.21	47.19	40.00	596.0000
598	49.57	49.27	45.80	44.37	52.31	51.14	47.12	39.99	597.0000
599	49.51	49.22	45.77	44.34	52.22	51.08	47.04	39.99	598.0000
600	49.46	49.18	45.73	44.31	52.14	51.01	46.96	39.98	599.0000
601	49.40	49.13	45.70	44.28	52.05	50.94	46.89	39.98	600.0000
602	49.35	49.10	45.67	44.25	51.97	50.88	46.82	39.98	601.0000
603	49.30	49.06	45.63	44.22	51.89	50.84	46.75	39.98	602.0000
604	49.25	49.06	45.61	44.19	51.81	50.88	46.68	39.97	603.0000
605	49.19	49.10	45.59	44.16	51.74	51.00	46.62	39.97	604.0000
606	49.15	49.19	45.60	44.13	51.68	51.20	46.56	39.97	605.0000
607	49.09	49.33	45.60	44.10	51.64	51.44	46.51	39.96	606.0000
608	49.05	49.51	45.63	44.08	51.62	51.74	46.46	39.96	607.0000
609	49.01	49.73	45.68	44.05	51.62	52.07	46.43	39.95	608.0000
610	48.97	49.98	45.74	44.03	51.65	52.41	46.41	39.94	609.0000
611	48.95	50.24	45.82	44.00	51.70	52.77	46.40	39.94	610.0000
612	48.93	50.54	45.90	43.98	51.77	53.12	46.40	39.93	611.0000
613	48.92	50.84	46.01	43.97	51.86	53.48	46.42	39.93	612.0000
614	48.92	51.15	46.11	43.95	51.96	53.83	46.45	39.92	613.0000
615	48.93	51.47	46.24	43.94	52.08	54.18	46.49	39.91	614.0000
616	48.95	51.79	46.36	43.94	52.21	54.51	46.54	39.90	615.0000
617	48.97	52.11	46.50	43.94	52.35	54.85	46.61	39.90	616.0000
618	49.00	52.43	46.64	43.94	52.49	55.17	46.68	39.89	617.0000
619	49.04	52.74	46.78	43.95	52.65	55.48	46.77	39.89	618.0000
620	49.09	53.06	46.93	43.96	52.82	55.78	46.86	39.88	619.0000
621	49.14	53.36	47.08	43.97	52.99	56.07	46.97	39.87	620.0000
622	49.20	53.66	47.24	43.99	53.16	56.36	47.09	39.87	621.0000
623	49.27	53.95	47.39	44.02	53.33	56.63	47.20	39.86	622.0000
624	49.34	54.24	47.55	44.04	53.51	56.90	47.33	39.85	623.0000
625	49.42	54.53	47.71	44.08	53.69	57.15	47.46	39.85	624.0000
626	49.50	54.80	47.86	44.11	53.88	57.40	47.61	39.84	625.0000
627	49.59	55.07	48.02	44.15	54.06	57.64	47.75	39.83	626.0000
628	49.68	55.34	48.18	44.19	54.25	57.87	47.90	39.82	627.0000
629	49.77	55.59	48.33	44.23	54.44	58.09	48.05	39.81	628.0000
630	49.86	55.84	48.48	44.27	54.62	58.32	48.21	39.81	629.0000
631	49.96	56.08	48.63	44.32	54.81	58.54	48.37	39.80	630.0000
632	50.06	56.32	48.78	44.37	55.00	58.75	48.53	39.80	631.0000
633	50.16	56.54	48.93	44.42	55.19	58.96	48.71	39.79	632.0000
634	50.26	56.77	49.08	44.47	55.38	59.16	48.87	39.79	633.0000
635	50.36	56.98	49.22	44.53	55.57	59.36	49.04	39.78	634.0000
636	50.47	57.19	49.36	44.58	55.75	59.55	49.22	39.78	635.0000
637	50.58	57.40	49.50	44.64	55.94	59.74	49.39	39.78	636.0000
638	50.69	57.60	49.64	44.70	56.12	59.92	49.56	39.78	637.0000
639	50.79	57.79	49.78	44.76	56.31	60.10	49.74	39.77	638.0000
640	50.90	57.98	49.92	44.82	56.49	60.28	49.92	39.77	639.0000
641	51.01	58.17	50.05	44.88	56.67	60.46	50.10	39.77	640.0000
642	51.12	58.35	50.18	44.95	56.85	60.63	50.27	39.77	641.0000
643	51.23	58.52	50.31	45.01	57.03	60.80	50.45	39.76	642.0000
644	51.34	58.70	50.44	45.08	57.21	60.97	50.63	39.77	643.0000
645	51.44	58.86	50.57	45.14	57.39	61.13	50.81	39.77	644.0000
646	51.56	59.02	50.69	45.21	57.56	61.29	50.99	39.77	645.0000
647	51.66	59.18	50.82	45.28	57.74	61.45	51.16	39.77	646.0000
648	51.78	59.34	50.93	45.34	57.91	61.60	51.34	39.78	647.0000
649	51.89	59.49	51.05	45.41	58.09	61.75	51.51	39.78	648.0000
650	51.99	59.64	51.17	45.48	58.26	61.90	51.69	39.78	649.0000
651	52.10	59.78	51.29	45.55	58.43	62.05	51.86	39.78	650.0000
652	52.21	59.92	51.40	45.62	58.59	62.21	52.03	39.79	651.0000
653	52.32	60.06	51.51	45.69	58.76	62.35	52.21	39.80	652.0000
654	52.43	60.20	51.63	45.76	58.93	62.49	52.38	39.80	653.0000
655	52.54	60.33	51.73	45.83	59.09	62.63	52.55	39.81	654.0000
656	52.65	60.46	51.84	45.90	59.26	62.77	52.72	39.82	655.0000
657	52.75	60.58	51.95	45.97	59.41	62.91	52.89	39.83	656.0000
658	52.86	60.71	52.05	46.04	59.58	63.05	53.05	39.84	657.0000
659	52.97	60.83	52.16	46.10	59.73	63.18	53.22	39.85	658.0000
660	53.07	60.95	52.26	46.18	59.89	63.32	53.38	39.86	659.0000
661	53.18	61.06	52.36	46.25	60.05	63.45	53.54	39.88	660.0000
662	53.28	61.18	52.45	46.32	60.20	63.58	53.70	39.90	661.0000
663	53.39	61.30	52.55	46.39	60.35	63.70	53.86	39.91	662.0000
664	53.49	61.41	52.65	46.46	60.50	63.83	54.02	39.93	663.0000
665	53.59	61.51	52.74	46.53	60.65	63.95	54.17	39.94	664.0000
666	53.69	61.62	52.84	46.60	60.80	64.08	54.33	39.95	665.0000
667	53.80	61.72	52.94	46.67	60.94	64.19	54.48	39.97	666.0000
668	53.90	61.82	53.03	46.73	61.09	64.32	54.63	39.99	667.0000
669	54.00	61.92	53.12	46.81	61.24	64.45	54.78	40.00	668.0000
670	54.09	62.02	53.21	46.88	61.37	64.57	54.94	40.02	669.0000
671	54.19	62.11	53.29	46.93	61.50	64.66	55.07	40.03	670.0000
672	54.29	62.20	53.38	47.00	61.63	64.75	55.21	40.04	671.0000
673	54.39	62.30	53.48	47.07	61.77	64.87	55.35	40.05	672.0000
674	54.49	62.39	53.57	47.15	61.91	64.99	55.50	40.07	673.0000
675	54.58	62.49	53.65	47.22	62.05	65.10	55.64	40.09	674.0000
676	54.68	62.57	53.74	47.30	62.18	65.23	55.78	40.13	675.0000
677	54.78	62.66	53.82	47.36	62.32	65.34	55.93	40.15	676.0000
678	54.87	62.75	53.90	47.44	62.45	65.45	56.06	40.18	677.0000
679	54.97	62.84	53.98	47.50	62.58	65.56	56.20	40.21	678.0000
680	55.06	62.92	54.07	47.57	62.72	65.67	56.34	40.23	679.0000
681	55.16	63.01	54.14	47.64	62.84	65.77	56.47	40.26	680.0000
682	55.25	63.09	54.22	47.71	62.97	65.87	56.60	40.29	681.0000
683	55.34	63.17	54.30	47.78	63.09	65.98	56.73	40.32	682.0000
684	55.43	63.25	54.38	47.85	63.22	66.08	56.86	40.34	683.0000
685	55.52	63.33	54.46	47.92	63.34	66.18	56.99	40.37	684.0000
686	55.61	63.40	54.53	47.98	63.46	66.28	57.11	40.40	685.0000
687	55.70	63.48	54.60	48.05	63.58	66.38	57.23	40.43	686.0000
688	55.79	63.56	54.68	48.12	63.70	66.48	57.35	40.46	687.0000
689	55.87	63.63	54.75	48.19	63.81	66.58	57.47	40.49	688.0000
690	55.96	63.71	54.82	48.26	63.93	66.67	57.59	40.52	689.0000
691	56.05	63.78	54.89	48.32	64.05	66.77	57.71	40.55	690.0000
692	56.14	63.85	54.96	48.38	64.16	66.86	57.83	40.58	691.0000
693	56.22	63.92	55.03	48.45	64.28	66.96	57.94	40.61	692.0000
694	56.30	63.99	55.11	48.52	64.39	67.04	58.05	40.64	693.0000
695	56.39	64.06	55.17	48.58	64.50	67.14	58.17	40.67	694.0000
696	56.47	64.13	55.24	48.65	64.61	67.23	58.27	40.70	695.0000
697	56.55	64.19	55.31	48.71	64.72	67.32	58.38	40.74	696.0000
698	56.63	64.26	55.37	48.78	64.83	67.41	58.49	40.77	697.0000
699	56.72	64.33	55.44	48.84	64.93	67.49	58.60	40.81	698.0000
700	56.80	64.40	55.50	48.90	65.04	67.58	58.70	40.84	699.0000
701	56.88	64.46	55.57	48.97	65.14	67.67	58.81	40.87	700.0000
702	56.97	64.53	55.63	49.03	65.25	67.75	58.91	40.91	701.0000
703	57.04	64.58	55.69	49.09	65.35	67.80	59.01	40.95	702.0000
704	57.12	64.61	55.75	49.16	65.45	67.80	59.11	40.98	703.0000
705	57.20	64.61	55.80	49.22	65.54	67.73	59.21	41.02	704.0000
706	57.28	64.56	55.83	49.29	65.63	67.61	59.30	41.05	705.0000
707	57.35	64.46	55.85	49.35	65.69	67.44	59.39	41.09	706.0000
708	57.42	64.33	55.85	49.41	65.74	67.22	59.47	41.13	707.0000
709	57.49	64.16	55.83	49.47	65.78	66.99	59.53	41.17	708.0000
710	57.56	63.97	55.80	49.53	65.79	66.71	59.59	41.20	709.0000
711	57.61	63.75	55.76	49.59	65.78	66.43	59.64	41.24	710.0000
712	57.66	63.52	55.70	49.64	65.76	66.14	59.67	41.28	711.0000
713	57.70	63.27	55.63	49.69	65.72	65.85	59.69	41.32	712.0000
714	57.73	63.01	55.56	49.74	65.66	65.56	59.70	41.36	713.0000
715	57.75	62.74	55.47	49.78	65.59	65.26	59.69	41.39	714.0000
716	57.77	62.47	55.37	49.81	65.51	64.97	59.67	41.44	715.0000
717	57.77	62.19	55.27	49.84	65.41	64.69	59.64	41.47	716.0000
718	57.78	61.92	55.16	49.88	65.31	64.41	59.59	41.51	717.0000
719	57.76	61.65	55.04	49.90	65.20	64.14	59.54	41.55	718.0000
720	57.75	61.38	54.93	49.92	65.08	63.87	59.47	41.59	719.0000
721	57.73	61.12	54.81	49.93	64.95	63.61	59.40	41.62	720.0000
722	57.70	60.85	54.69	49.95	64.82	63.36	59.31	41.66	721.0000
723	57.67	60.60	54.56	49.96	64.68	63.12	59.22	41.69	722.0000
724	57.63	60.34	54.44	49.96	64.55	62.88	59.12	41.73	723.0000
725	57.59	60.10	54.31	49.96	64.40	62.65	59.02	41.77	724.0000
726	57.54	59.87	54.19	49.96	64.25	62.43	58.90	41.80	725.0000
727	57.49	59.64	54.06	49.96	64.11	62.21	58.78	41.84	726.0000
728	57.44	59.41	53.94	49.94	63.96	62.00	58.65	41.88	727.0000
729	57.38	59.19	53.82	49.93	63.81	61.80	58.53	41.91	728.0000
730	57.32	58.98	53.70	49.92	63.65	61.60	58.39	41.95	729.0000
731	57.26	58.78	53.58	49.91	63.50	61.41	58.27	41.99	730.0000
732	57.19	58.58	53.46	49.89	63.34	61.23	58.13	42.03	731.0000
733	57.12	58.38	53.35	49.87	63.19	61.05	57.99	42.07	732.0000
734	57.05	58.20	53.23	49.85	63.03	60.87	57.84	42.10	733.0000
735	56.98	58.01	53.12	49.83	62.88	60.69	57.70	42.14	734.0000
736	56.91	57.83	53.00	49.80	62.73	60.53	57.55	42.17	735.0000
737	56.84	57.65	52.89	49.77	62.57	60.36	57.41	42.22	736.0000
738	56.76	57.49	52.78	49.75	62.42	60.20	57.27	42.25	737.0000
739	56.69	57.32	52.68	49.71	62.27	60.04	57.11	42.29	738.0000
740	56.61	57.17	52.58	49.68	62.11	59.89	56.96	42.32	739.0000
741	56.54	57.01	52.47	49.65	61.96	59.73	56.81	42.35	740.0000
742	56.46	56.86	52.37	49.62	61.81	59.58	56.66	42.38	741.0000
743	56.39	56.72	52.27	49.59	61.65	59.43	56.51	42.41	742.0000
744	56.31	56.57	52.18	49.56	61.51	59.29	56.36	42.43	743.0000
745	56.23	56.44	52.08	49.52	61.36	59.16	56.21	42.47	744.0000
746	56.15	56.30	51.99	49.49	61.22	59.02	56.06	42.50	745.0000
747	56.07	56.17	51.90	49.45	61.07	58.89	55.91	42.53	746.0000
748	56.00	56.05	51.81	49.42	60.92	58.75	55.76	42.56	747.0000
749	55.92	55.92	51.73	49.38	60.78	58.62	55.62	42.58	748.0000
750	55.84	55.80	51.64	49.34	60.64	58.49	55.47	42.61	749.0000
751	55.77	55.68	51.56	49.30	60.50	58.36	55.33	42.64	750.0000
752	55.69	55.57	51.48	49.26	60.35	58.24	55.19	42.66	751.0000
753	55.61	55.46	51.40	49.23	60.21	58.11	55.05	42.68	752.0000
754	55.53	55.35	51.32	49.19	60.07	57.99	54.91	42.71	753.0000
755	55.45	55.25	51.24	49.15	59.94	57.87	54.76	42.73	754.0000
756	55.38	55.14	51.16	49.11	59.80	57.75	54.62	42.75	755.0000
757	55.30	55.04	51.09	49.07	59.67	57.63	54.48	42.78	756.0000
758	55.23	54.94	51.02	49.03	59.53	57.52	54.35	42.79	757.0000
759	55.15	54.84	50.95	48.99	59.40	57.41	54.22	42.81	758.0000
760	55.07	54.75	50.87	48.96	59.27	57.30	54.08	42.83	759.0000
761	55.00	54.66	50.81	48.92	59.14	57.19	53.95	42.85	760.0000
762	54.92	54.57	50.74	48.88	59.01	57.08	53.82	42.87	761.0000
763	54.85	54.48	50.67	48.83	58.88	56.97	53.69	42.88	762.0000
764	54.77	54.39	50.61	48.80	58.76	56.87	53.56	42.90	763.0000
765	54.70	54.31	50.54	48.76	58.63	56.76	53.44	42.91	764.0000
766	54.63	54.23	50.48	48.71	58.51	56.66	53.31	42.92	765.0000
767	54.56	54.15	50.42	48.67	58.39	56.56	53.19	42.94	766.0000
768	54.48	54.07	50.35	48.64	58.26	56.46	53.07	42.95	767.0000
769	54.41	53.99	50.29	48.60	58.15	56.36	52.95	42.96	768.0000
770	54.34	53.91	50.24	48.56	58.03	56.26	52.83	42.98	769.0000
771	54.27	53.84	50.18	48.52	57.91	56.16	52.71	42.99	770.0000
772	54.19	53.77	50.12	48.48	57.79	56.07	52.59	42.99	771.0000
773	54.12	53.69	50.06	48.44	57.68	55.98	52.48	43.01	772.0000
774	54.05	53.63	50.01	48.40	57.56	55.89	52.37	43.01	773.0000
775	53.99	53.56	49.96	48.36	57.45	55.79	52.26	43.02	774.0000
776	53.91	53.49	49.90	48.33	57.35	55.70	52.15	43.03	775.0000
777	53.84	53.42	49.85	48.29	57.23	55.61	52.03	43.03	776.0000
778	53.78	53.36	49.80	48.25	57.12	55.52	51.94	43.04	777.0000
779	53.71	53.29	49.75	48.21	57.02	55.43	51.83	43.04	778.0000
780	53.65	53.23	49.69	48.17	56.90	55.35	51.73	43.05	779.0000
781	53.59	53.17	49.65	48.13	56.80	55.26	51.63	43.05	780.0000
782	53.52	53.11	49.60	48.10	56.70	55.18	51.52	43.05	781.0000
783	53.45	53.05	49.55	48.06	56.59	55.10	51.42	43.06	782.0000
784	53.39	52.99	49.51	48.02	56.49	55.02	51.32	43.06	783.0000
785	53.33	52.93	49.46	47.98	56.39	54.93	51.23	43.06	784.0000
786	53.26	52.87	49.42	47.95	56.29	54.85	51.13	43.06	785.0000
787	53.20	52.82	49.37	47.91	56.19	54.77	51.04	43.06	786.0000
788	53.13	52.76	49.33	47.87	56.09	54.69	50.94	43.06	787.0000
789	53.07	52.71	49.28	47.83	55.99	54.61	50.86	43.06	788.0000
790	53.01	52.65	49.24	47.80	55.90	54.54	50.76	43.06	789.0000
791	52.95	52.60	49.20	47.76	55.80	54.46	50.68	43.05	790.0000
792	52.89	52.55	49.16	47.72	55.70	54.38	50.59	43.05	791.0000
793	52.83	52.50	49.12	47.69	55.61	54.31	50.51	43.05	792.0000
794	52.77	52.44	49.08	47.66	55.52	54.24	50.42	43.05	793.0000
795	52.71	52.39	49.03	47.62	55.43	54.16	50.34	43.04	794.0000
796	52.65	52.34	48.99	47.58	55.33	54.09	50.26	43.04	795.0000
797	52.59	52.30	48.95	47.55	55.25	54.02	50.17	43.04	796.0000
798	52.53	52.25	48.92	47.51	55.16	53.94	50.09	43.03	797.0000
799	52.48	52.20	48.88	47.48	55.06	53.88	50.01	43.02	798.0000
800	52.42	52.16	48.84	47.45	54.98	53.80	49.94	43.02	799.0000
801	52.36	52.11	48.81	47.41	54.89	53.74	49.86	43.01	800.0000
802	52.30	52.06	48.77	47.38	54.80	53.67	49.79	43.00	801.0000
803	52.25	52.02	48.74	47.35	54.73	53.63	49.72	43.00	802.0000
804	52.19	52.02	48.71	47.31	54.64	53.66	49.64	42.99	803.0000
805	52.13	52.05	48.68	47.27	54.57	53.78	49.57	42.99	804.0000
806	52.08	52.14	48.68	47.24	54.50	53.96	49.51	42.98	805.0000
807	52.03	52.27	48.69	47.21	54.46	54.21	49.45	42.97	806.0000
808	51.98	52.44	48.71	47.18	54.44	54.50	49.41	42.97	807.0000
809	51.94	52.66	48.75	47.15	54.44	54.81	49.37	42.96	808.0000
810	51.90	52.89	48.81	47.12	54.47	55.16	49.35	42.96	809.0000
811	51.87	53.15	48.88	47.09	54.50	55.50	49.34	42.95	810.0000
812	51.84	53.43	48.96	47.07	54.57	55.85	49.34	42.94	811.0000
813	51.83	53.72	49.06	47.05	54.65	56.20	49.36	42.93	812.0000
814	51.82	54.03	49.17	47.04	54.75	56.55	49.38	42.92	813.0000
815	51.82	54.34	49.28	47.02	54.86	56.88	49.42	42.91	814.0000
816	51.84	54.65	49.41	47.01	54.98	57.22	49.48	42.90	815.0000
817	51.86	54.97	49.54	47.01	55.12	57.54	49.54	42.89	816.0000
818	51.89	55.28	49.68	47.01	55.27	57.85	49.62	42.88	817.0000
819	51.92	55.59	49.82	47.01	55.41	58.16	49.70	42.87	818.0000
820	51.97	55.89	49.97	47.02	55.57	58.45	49.79	42.85	819.0000
821	52.01	56.19	50.11	47.03	55.73	58.74	49.90	42.84	820.0000
822	52.07	56.48	50.26	47.04	55.90	59.02	50.01	42.84	821.0000
823	52.14	56.77	50.41	47.07	56.07	59.28	50.13	42.82	822.0000
824	52.20	57.06	50.56	47.09	56.24	59.54	50.25	42.82	823.0000
825	52.28	57.33	50.71	47.11	56.42	59.79	50.38	42.80	824.0000
826	52.35	57.60	50.87	47.14	56.59	60.03	50.52	42.80	825.0000
827	52.43	57.86	51.02	47.17	56.77	60.28	50.67	42.79	826.0000
828	52.52	58.12	51.17	47.21	56.96	60.51	50.81	42.78	827.0000
829	52.60	58.37	51.33	47.26	57.14	60.73	50.97	42.77	828.0000
830	52.69	58.61	51.48	47.29	57.32	60.95	51.12	42.76	829.0000
831	52.78	58.84	51.62	47.34	57.51	61.16	51.28	42.76	830.0000
832	52.88	59.07	51.77	47.39	57.69	61.36	51.45	42.75	831.0000
833	52.97	59.29	51.92	47.43	57.87	61.57	51.61	42.74	832.0000
834	53.07	59.51	52.07	47.48	58.06	61.76	51.78	42.73	833.0000
835	53.17	59.72	52.21	47.53	58.24	61.95	51.96	42.73	834.0000
836	53.27	59.92	52.35	47.58	58.42	62.14	52.12	42.72	835.0000
837	53.36	60.13	52.49	47.64	58.60	62.32	52.30	42.71	836.0000
838	53.47	60.31	52.63	47.69	58.77	62.49	52.47	42.70	837.0000
839	53.57	60.48	52.76	47.75	58.93	62.62	52.64	42.68	838.0000
840	53.67	60.67	52.90	47.81	59.10	62.79	52.81	42.68	839.0000
841	53.78	60.85	53.04	47.87	59.27	62.95	52.98	42.67	840.0000
842	53.89	61.03	53.17	47.93	59.45	63.12	53.16	42.67	841.0000
843	53.99	61.20	53.30	47.99	59.63	63.29	53.33	42.67	842.0000
844	54.09	61.37	53.42	48.06	59.81	63.46	53.51	42.67	843.0000
845	54.21	61.53	53.55	48.12	59.98	63.62	53.68	42.67	844.0000
846	54.31	61.69	53.66	48.18	60.16	63.78	53.86	42.66	845.0000
847	54.41	61.84	53.79	48.25	60.32	63.93	54.04	42.66	846.0000
848	54.52	62.00	53.90	48.31	60.49	64.08	54.22	42.67	847.0000
849	54.63	62.14	54.02	48.37	60.65	64.23	54.40	42.67	848.0000
850	54.73	62.28	54.14	48.44	60.82	64.37	54.56	42.67	849.0000
851	54.83	62.42	54.25	48.51	60.99	64.53	54.74	42.67	850.0000
852	54.93	62.55	54.36	48.58	61.15	64.67	54.91	42.67	851.0000
853	55.04	62.69	54.47	48.64	61.31	64.81	55.08	42.68	852.0000
854	55.14	62.82	54.59	48.71	61.47	64.95	55.25	42.68	853.0000
855	55.25	62.94	54.69	48.78	61.63	65.09	55.41	42.69	854.0000
856	55.35	63.06	54.80	48.84	61.79	65.22	55.59	42.69	855.0000
857	55.45	63.19	54.90	48.91	61.94	65.36	55.75	42.71	856.0000
858	55.55	63.31	55.00	48.98	62.10	65.49	55.92	42.71	857.0000
859	55.64	63.42	55.11	49.05	62.25	65.62	56.08	42.72	858.0000
860	55.70	63.49	55.22	49.13	62.36	65.68	56.25	42.73	859.0000
861	55.80	63.60	55.32	49.19	62.49	65.77	56.40	42.74	860.0000
862	55.92	63.71	55.42	49.25	62.63	65.90	56.56	42.74	861.0000
863	56.02	63.82	55.50	49.32	62.78	66.03	56.71	42.75	862.0000
864	56.13	63.94	55.60	49.39	62.93	66.17	56.86	42.76	863.0000
865	56.23	64.04	55.69	49.45	63.08	66.30	57.00	42.76	864.0000
866	56.33	64.15	55.78	49.52	63.23	66.42	57.15	42.77	865.0000
867	56.42	64.25	55.88	49.59	63.37	66.54	57.30	42.78	866.0000
868	56.52	64.33	55.97	49.66	63.48	66.61	57.44	42.79	867.0000
869	56.61	64.43	56.06	49.73	63.61	66.72	57.59	42.80	868.0000
870	56.71	64.53	56.15	49.80	63.75	66.85	57.73	42.82	869.0000
871	56.80	64.63	56.23	49.86	63.89	66.96	57.88	42.84	870.0000
872	56.90	64.72	56.32	49.94	64.03	67.08	58.02	42.86	871.0000
873	57.00	64.81	56.40	50.01	64.16	67.19	58.16	42.88	872.0000
874	57.09	64.90	56.48	50.07	64.30	67.30	58.30	42.90	873.0000
875	57.18	64.99	56.56	50.14	64.43	67.41	58.44	42.92	874.0000
876	57.28	65.07	56.64	50.21	64.55	67.52	58.58	42.95	875.0000
877	57.37	65.16	56.72	50.27	64.68	67.62	58.70	42.97	876.0000
878	57.46	65.24	56.80	50.35	64.81	67.73	58.84	42.99	877.0000
879	57.55	65.31	56.87	50.41	64.93	67.83	58.97	43.02	878.0000
880	57.63	65.39	56.95	50.48	65.06	67.94	59.10	43.04	879.0000
881	57.72	65.48	57.02	50.54	65.18	68.04	59.23	43.07	880.0000
882	57.81	65.55	57.10	50.61	65.30	68.14	59.35	43.09	881.0000
883	57.90	65.63	57.17	50.67	65.43	68.24	59.48	43.11	882.0000
884	57.98	65.70	57.24	50.74	65.55	68.34	59.60	43.14	883.0000
885	58.07	65.78	57.31	50.80	65.67	68.43	59.73	43.17	884.0000
886	58.15	65.85	57.39	50.87	65.78	68.52	59.84	43.19	885.0000
887	58.24	65.92	57.46	50.93	65.89	68.62	59.97	43.22	886.0000
888	58.32	65.99	57.53	51.00	66.00	68.71	60.09	43.25	887.0000
889	58.40	66.06	57.60	51.06	66.12	68.81	60.20	43.27	888.0000
890	58.49	66.13	57.67	51.13	66.24	68.89	60.32	43.30	889.0000
891	58.57	66.20	57.73	51.19	66.35	68.99	60.43	43.33	890.0000
892	58.65	66.27	57.80	51.25	66.45	69.08	60.54	43.36	891.0000
893	58.73	66.33	57.86	51.32	66.56	69.17	60.65	43.39	892.0000
894	58.81	66.40	57.93	51.38	66.67	69.26	60.76	43.42	893.0000
895	58.89	66.46	57.99	51.44	66.78	69.35	60.87	43.46	894.0000
896	58.97	66.53	58.06	51.51	66.88	69.43	60.98	43.48	895.0000
897	59.04	66.59	58.12	51.57	66.98	69.52	61.09	43.51	896.0000
898	59.13	66.65	58.19	51.63	67.09	69.60	61.19	43.54	897.0000
899	59.20	66.72	58.25	51.69	67.19	69.68	61.30	43.58	898.0000
900	59.28	66.78	58.31	51.75	67.29	69.76	61.40	43.61	899.0000
901	59.35	66.84	58.37	51.81	67.40	69.84	61.50	43.64	900.0000
902	59.42	66.90	58.43	51.87	67.49	69.93	61.60	43.68	901.0000
903	59.50	66.94	58.49	51.93	67.59	69.97	61.70	43.71	902.0000
904	59.57	66.96	58.54	51.99	67.69	69.96	61.80	43.75	903.0000
905	59.65	66.95	58.58	52.05	67.78	69.88	61.89	43.78	904.0000
906	59.72	66.89	58.60	52.11	67.85	69.75	61.98	43.82	905.0000
907	59.79	66.79	58.61	52.17	67.92	69.58	62.06	43.85	906.0000
908	59.86	66.64	58.60	52.22	67.97	69.35	62.13	43.89	907.0000
909	59.92	66.47	58.58	52.28	67.99	69.10	62.19	43.92	908.0000
910	59.98	66.28	58.54	52.33	67.99	68.83	62.25	43.95	909.0000
911	60.03	66.05	58.50	52.38	67.98	68.55	62.29	43.99	910.0000
912	60.07	65.82	58.43	52.43	67.95	68.26	62.31	44.03	911.0000
913	60.10	65.57	58.36	52.47	67.90	67.97	62.32	44.06	912.0000
914	60.13	65.30	58.27	52.51	67.84	67.67	62.32	44.10	913.0000
915	60.14	65.03	58.18	52.55	67.77	67.38	62.31	44.14	914.0000
916	60.15	64.76	58.08	52.58	67.68	67.09	62.28	44.16	915.0000
917	60.16	64.49	57.96	52.61	67.58	66.80	62.25	44.20	916.0000
918	60.15	64.22	57.85	52.64	67.48	66.52	62.19	44.23	917.0000
919	60.14	63.94	57.73	52.65	67.36	66.25	62.13	44.27	918.0000
920	60.12	63.67	57.61	52.67	67.23	65.98	62.06	44.31	919.0000
921	60.09	63.41	57.49	52.68	67.11	65.73	61.98	44.35	920.0000
922	60.05	63.14	57.36	52.69	66.97	65.47	61.90	44.38	921.0000
923	60.02	62.89	57.23	52.69	66.83	65.23	61.80	44.41	922.0000
924	59.97	62.64	57.10	52.69	66.69	64.99	61.70	44.45	923.0000
925	59.93	62.39	56.97	52.69	66.54	64.76	61.59	44.49	924.0000
926	59.88	62.15	56.85	52.68	66.40	64.54	61.47	44.53	925.0000
927	59.82	61.93	56.72	52.67	66.24	64.33	61.35	44.56	926.0000
928	59.76	61.69	56.59	52.66	66.09	64.12	61.22	44.60	927.0000
929	59.70	61.48	56.46	52.65	65.94	63.91	61.09	44.63	928.0000
930	59.64	61.26	56.34	52.63	65.79	63.71	60.95	44.67	929.0000
931	59.57	61.06	56.21	52.61	65.64	63.52	60.82	44.70	930.0000
932	59.50	60.86	56.09	52.59	65.48	63.34	60.67	44.74	931.0000
933	59.43	60.66	55.97	52.56	65.32	63.15	60.52	44.78	932.0000
934	59.36	60.47	55.85	52.54	65.16	62.98	60.38	44.81	933.0000
935	59.28	60.29	55.73	52.52	65.01	62.80	60.22	44.84	934.0000
936	59.21	60.11	55.62	52.49	64.85	62.63	60.08	44.87	935.0000
937	59.13	59.93	55.50	52.46	64.70	62.47	59.92	44.90	936.0000
938	59.05	59.76	55.39	52.42	64.54	62.31	59.77	44.94	937.0000
939	58.98	59.60	55.28	52.39	64.38	62.14	59.61	44.97	938.0000
940	58.90	59.44	55.17	52.35	64.22	62.00	59.47	45.00	939.0000
941	58.82	59.29	55.07	52.32	64.08	61.84	59.31	45.03	940.0000
942	58.73	59.13	54.96	52.28	63.92	61.69	59.16	45.06	941.0000
943	58.65	58.99	54.86	52.25	63.77	61.54	59.00	45.09	942.0000
944	58.57	58.84	54.76	52.21	63.62	61.40	58.85	45.12	943.0000
945	58.49	58.71	54.66	52.18	63.47	61.26	58.70	45.14	944.0000
946	58.41	58.57	54.56	52.13	63.32	61.12	58.54	45.17	945.0000
947	58.33	58.44	54.47	52.10	63.18	60.99	58.39	45.19	946.0000
948	58.25	58.31	54.37	52.05	63.03	60.85	58.24	45.22	947.0000
949	58.16	58.18	54.29	52.01	62.88	60.72	58.09	45.25	948.0000
950	58.08	58.06	54.20	51.97	62.74	60.59	57.94	45.27	949.0000
951	58.00	57.94	54.11	51.93	62.59	60.46	57.79	45.30	950.0000
952	57.92	57.82	54.02	51.89	62.45	60.34	57.64	45.31	951.0000
953	57.83	57.71	53.94	51.85	62.32	60.21	57.49	45.34	952.0000
954	57.75	57.60	53.86	51.81	62.18	60.09	57.35	45.36	953.0000
955	57.67	57.48	53.77	51.77	62.03	59.97	57.21	45.37	954.0000
956	57.59	57.38	53.69	51.73	61.88	59.84	57.07	45.40	955.0000
957	57.52	57.28	53.62	51.68	61.74	59.72	56.92	45.42	956.0000
958	57.44	57.18	53.54	51.64	61.60	59.61	56.79	45.44	957.0000
959	57.36	57.08	53.47	51.59	61.47	59.49	56.65	45.45	958.0000
960	57.28	56.99	53.39	51.55	61.34	59.38	56.51	45.47	959.0000
961	57.20	56.89	53.33	51.51	61.21	59.28	56.38	45.48	960.0000
962	57.12	56.80	53.25	51.47	61.09	59.16	56.24	45.50	961.0000
963	57.04	56.71	53.18	51.42	60.95	59.05	56.11	45.51	962.0000
964	56.97	56.62	53.11	51.38	60.83	58.95	55.98	45.52	963.0000
965	56.89	56.53	53.04	51.34	60.70	58.84	55.85	45.54	964.0000
966	56.82	56.45	52.97	51.30	60.58	58.74	55.72	45.55	965.0000
967	56.74	56.36	52.91	51.25	60.45	58.63	55.59	45.55	966.0000
968	56.66	56.29	52.85	51.21	60.33	58.53	55.47	45.57	967.0000
969	56.59	56.20	52.78	51.16	60.20	58.43	55.35	45.57	968.0000
970	56.52	56.13	52.72	51.12	60.09	58.33	55.22	45.58	969.0000
971	56.44	56.04	52.66	51.08	59.97	58.23	55.10	45.59	970.0000
972	56.37	55.97	52.60	51.04	59.85	58.13	54.98	45.60	971.0000
973	56.30	55.90	52.54	50.99	59.73	58.04	54.87	45.60	972.0000
974	56.23	55.82	52.49	50.96	59.61	57.94	54.75	45.61	973.0000
975	56.15	55.75	52.43	50.91	59.50	57.85	54.64	45.62	974.0000
976	56.08	55.68	52.37	50.87	59.39	57.75	54.52	45.62	975.0000
977	56.01	55.61	52.32	50.83	59.27	57.66	54.42	45.62	976.0000
978	55.94	55.54	52.26	50.79	59.16	57.57	54.30	45.62	977.0000
979	55.87	55.48	52.20	50.75	59.05	57.48	54.20	45.62	978.0000
980	55.80	55.41	52.15	50.70	58.94	57.39	54.09	45.63	979.0000
981	55.73	55.35	52.10	50.66	58.83	57.30	53.97	45.62	980.0000
982	55.66	55.28	52.05	50.62	58.72	57.21	53.87	45.62	981.0000
983	55.60	55.22	52.00	50.58	58.61	57.13	53.77	45.63	982.0000
984	55.53	55.16	51.95	50.54	58.51	57.04	53.67	45.62	983.0000
985	55.46	55.10	51.90	50.50	58.40	56.95	53.57	45.63	984.0000
986	55.39	55.04	51.85	50.46	58.30	56.87	53.48	45.63	985.0000
987	55.33	54.98	51.80	50.42	58.20	56.79	53.38	45.63	986.0000
988	55.27	54.92	51.76	50.37	58.10	56.71	53.29	45.62	987.0000
989	55.20	54.86	51.70	50.33	57.99	56.63	53.20	45.62	988.0000
990	55.14	54.81	51.66	50.30	57.90	56.55	53.10	45.62	989.0000
991	55.07	54.75	51.61	50.26	57.80	56.47	53.01	45.61	990.0000
992	55.01	54.70	51.57	50.22	57.70	56.39	52.92	45.61	991.0000
993	54.95	54.64	51.53	50.18	57.61	56.32	52.83	45.61	992.0000
994	54.88	54.58	51.48	50.14	57.52	56.24	52.75	45.60	993.0000
995	54.82	54.53	51.44	50.10	57.42	56.16	52.66	45.60	994.0000
996	54.76	54.48	51.40	50.06	57.33	56.09	52.58	45.59	995.0000
997	54.70	54.43	51.35	50.03	57.24	56.01	52.49	45.59	996.0000
998	54.64	54.38	51.31	49.99	57.14	55.94	52.41	45.58	997.0000
999	54.57	54.33	51.27	49.95	57.06	55.87	52.32	45.57	998.0000
1000	54.51	54.28	51.23	49.91	56.96	55.80	52.24	45.56	999.0000
1001	54.45	54.23	51.19	49.87	56.88	55.73	52.17	45.56	1000.0000
1002	54.39	54.18	51.15	49.84	56.79	55.65	52.09	45.55	1001.0000
1003	54.34	54.14	51.11	49.80	56.71	55.61	52.01	45.54	1002.0000
1004	54.28	54.12	51.08	49.76	56.62	55.64	51.94	45.53	1003.0000
1005	54.22	54.16	51.06	49.72	56.54	55.76	51.87	45.52	1004.0000
1006	54.16	54.24	51.05	49.69	56.48	55.94	51.80	45.51	1005.0000
1007	54.11	54.37	51.05	49.65	56.43	56.18	51.74	45.51	1006.0000
1008	54.06	54.54	51.07	49.62	56.41	56.46	51.69	45.49	1007.0000
1009	54.01	54.74	51.11	49.58	56.41	56.78	51.66	45.48	1008.0000
1010	53.97	54.97	51.16	49.56	56.43	57.11	51.63	45.47	1009.0000
1011	53.94	55.23	51.23	49.53	56.47	57.45	51.61	45.46	1010.0000
1012	53.91	55.50	51.32	49.50	56.52	57.79	51.61	45.45	1011.0000
1013	53.89	55.79	51.41	49.47	56.60	58.14	51.62	45.44	1012.0000
1014	53.89	56.09	51.51	49.45	56.70	58.47	51.65	45.43	1013.0000
1015	53.89	56.40	51.63	49.44	56.80	58.81	51.69	45.42	1014.0000
1016	53.90	56.70	51.75	49.43	56.93	59.13	51.74	45.40	1015.0000
1017	53.91	57.01	51.88	49.42	57.05	59.45	51.80	45.39	1016.0000
1018	53.94	57.31	52.01	49.41	57.19	59.76	51.88	45.38	1017.0000
1019	53.97	57.61	52.15	49.41	57.33	60.06	51.96	45.37	1018.0000
1020	54.02	57.91	52.29	49.42	57.49	60.35	52.05	45.35	1019.0000
1021	54.06	58.21	52.44	49.43	57.64	60.63	52.15	45.34	1020.0000
1022	54.11	58.50	52.59	49.44	57.80	60.89	52.26	45.33	1021.0000
1023	54.17	58.78	52.74	49.46	57.95	61.14	52.38	45.31	1022.0000
1024	54.24	59.06	52.89	49.48	58.13	61.40	52.51	45.30	1023.0000
1025	54.31	59.33	53.04	49.50	58.30	61.65	52.64	45.29	1024.0000
1026	54.38	59.59	53.19	49.53	58.48	61.89	52.78	45.28	1025.0000
1027	54.46	59.84	53.34	49.56	58.65	62.13	52.92	45.27	1026.0000
1028	54.54	60.09	53.49	49.59	58.83	62.36	53.08	45.26	1027.0000
1029	54.62	60.34	53.63	49.63	59.01	62.58	53.22	45.25	1028.0000
1030	54.71	60.58	53.78	49.66	59.18	62.79	53.38	45.24	1029.0000
1031	54.80	60.81	53.93	49.71	59.36	63.00	53.53	45.22	1030.0000
1032	54.89	61.03	54.08	49.75	59.54	63.20	53.69	45.21	1031.0000
1033	54.98	61.25	54.22	49.80	59.72	63.40	53.85	45.20	1032.0000
1034	55.07	61.46	54.36	49.84	59.90	63.59	54.03	45.19	1033.0000
1035	55.17	61.67	54.51	49.89	60.08	63.78	54.19	45.19	1034.0000
1036	55.26	61.87	54.64	49.94	60.26	63.97	54.36	45.18	1035.0000
1037	55.36	62.06	54.78	49.99	60.43	64.15	54.54	45.16	1036.0000
1038	55.46	62.25	54.91	50.04	60.61	64.32	54.70	45.16	1037.0000
1039	55.56	62.43	55.05	50.09	60.79	64.50	54.87	45.15	1038.0000
1040	55.66	62.62	55.18	50.15	60.96	64.66	55.05	45.15	1039.0000
1041	55.76	62.79	55.30	50.21	61.13	64.83	55.22	45.14	1040.0000
1042	55.86	62.96	55.43	50.27	61.30	64.99	55.40	45.13	1041.0000
1043	55.96	63.12	55.55	50.32	61.46	65.15	55.56	45.12	1042.0000
1044	56.06	63.28	55.68	50.38	61.63	65.31	55.74	45.13	1043.0000
1045	56.16	63.44	55.80	50.44	61.80	65.47	55.91	45.12	1044.0000
1046	56.26	63.59	55.92	50.51	61.97	65.62	56.09	45.12	1045.0000
1047	56.37	63.74	56.04	50.56	62.14	65.77	56.26	45.11	1046.0000
1048	56.47	63.89	56.15	50.62	62.31	65.91	56.43	45.10	1047.0000
1049	56.57	64.03	56.26	50.69	62.47	66.06	56.60	45.11	1048.0000
1050	56.67	64.16	56.38	50.75	62.63	66.20	56.77	45.11	1049.0000
1051	56.76	64.30	56.49	50.81	62.79	66.35	56.94	45.11	1050.0000
1052	56.87	64.43	56.60	50.87	62.96	66.49	57.11	45.11	1051.0000
1053	56.96	64.56	56.70	50.94	63.11	66.63	57.28	45.11	1052.0000
1054	57.07	64.69	56.82	51.00	63.27	66.76	57.44	45.11	1053.0000
1055	57.17	64.81	56.91	51.06	63.42	66.89	57.60	45.10	1054.0000
1056	57.26	64.93	57.00	51.11	63.57	67.02	57.75	45.09	1055.0000
1057	57.36	65.04	57.11	51.18	63.73	67.16	57.92	45.10	1056.0000
1058	57.46	65.16	57.22	51.25	63.88	67.29	58.08	45.11	1057.0000
1059	57.55	65.27	57.31	51.31	64.03	67.41	58.24	45.12	1058.0000
1060	57.65	65.38	57.41	51.38	64.18	67.54	58.40	45.12	1059.0000
1061	57.74	65.49	57.51	51.45	64.33	67.66	58.56	45.13	1060.0000
1062	57.84	65.60	57.60	51.51	64.47	67.79	58.72	45.14	1061.0000
1063	57.94	65.70	57.70	51.58	64.62	67.91	58.88	45.16	1062.0000
1064	58.03	65.80	57.79	51.65	64.76	68.03	59.03	45.16	1063.0000
1065	58.12	65.90	57.88	51.71	64.91	68.15	59.18	45.18	1064.0000
1066	58.21	66.00	57.97	51.78	65.04	68.26	59.33	45.18	1065.0000
1067	58.31	66.09	58.06	51.84	65.18	68.38	59.48	45.20	1066.0000
1068	58.40	66.19	58.15	51.90	65.31	68.49	59.63	45.21	1067.0000
1069	58.49	66.29	58.23	51.97	65.46	68.60	59.77	45.22	1068.0000
1070	58.58	66.37	58.32	52.03	65.59	68.71	59.92	45.23	1069.0000
1071	58.68	66.47	58.40	52.10	65.72	68.82	60.05	45.25	1070.0000
1072	58.77	66.55	58.48	52.17	65.85	68.93	60.20	45.27	1071.0000
1073	58.85	66.64	58.56	52.23	65.98	69.03	60.34	45.28	1072.0000
1074	58.94	66.73	58.64	52.30	66.11	69.14	60.48	45.30	1073.0000
1075	59.03	66.81	58.71	52.36	66.23	69.25	60.60	45.32	1074.0000
1076	59.12	66.90	58.79	52.43	66.36	69.35	60.74	45.33	1075.0000
1077	59.21	66.98	58.87	52.49	66.49	69.46	60.87	45.35	1076.0000
1078	59.29	67.05	58.95	52.55	66.61	69.56	61.00	45.37	1077.0000
1079	59.38	67.14	59.02	52.62	66.74	69.66	61.13	45.39	1078.0000
1080	59.47	67.21	59.09	52.68	66.86	69.76	61.27	45.42	1079.0000
1081	59.55	67.28	59.17	52.74	66.98	69.86	61.39	45.43	1080.0000
1082	59.64	67.36	59.23	52.81	67.10	69.95	61.51	45.46	1081.0000
1083	59.72	67.43	59.31	52.87	67.21	70.05	61.63	45.48	1082.0000
1084	59.80	67.51	59.37	52.93	67.33	70.14	61.75	45.50	1083.0000
1085	59.89	67.58	59.44	52.99	67.45	70.24	61.88	45.52	1084.0000
1086	59.97	67.65	59.51	53.06	67.56	70.33	62.00	45.54	1085.0000
1087	60.04	67.72	59.58	53.12	67.68	70.42	62.11	45.57	1086.0000
1088	60.13	67.79	59.64	53.18	67.79	70.52	62.24	45.60	1087.0000
1089	60.21	67.86	59.71	53.24	67.90	70.60	62.35	45.62	1088.0000
1090	60.29	67.93	59.78	53.30	68.01	70.69	62.46	45.65	1089.0000
1091	60.36	67.99	59.84	53.36	68.12	70.78	62.57	45.68	1090.0000
1092	60.44	68.06	59.90	53.42	68.22	70.86	62.68	45.70	1091.0000
1093	60.52	68.12	59.97	53.48	68.33	70.95	62.79	45.73	1092.0000
1094	60.59	68.19	60.03	53.54	68.43	71.03	62.89	45.75	1093.0000
1095	60.67	68.25	60.09	53.60	68.54	71.11	63.00	45.78	1094.0000
1096	60.75	68.31	60.15	53.66	68.64	71.20	63.10	45.80	1095.0000
1097	60.82	68.37	60.21	53.72	68.75	71.28	63.20	45.83	1096.0000
1098	60.90	68.44	60.27	53.77	68.85	71.36	63.31	45.86	1097.0000
1099	60.98	68.49	60.33	53.83	68.95	71.44	63.41	45.89	1098.0000
1100	61.05	68.55	60.38	53.89	69.05	71.53	63.50	45.91	1099.0000
1101	61.12	68.61	60.44	53.95	69.15	71.61	63.61	45.95	1100.0000
1102	61.19	68.67	60.49	54.00	69.24	71.68	63.71	45.98	1101.0000
1103	61.27	68.72	60.54	54.06	69.34	71.75	63.80	46.01	1102.0000
1104	61.33	68.75	60.60	54.11	69.43	71.76	63.89	46.04	1103.0000
1105	61.41	68.76	60.65	54.17	69.52	71.71	63.99	46.07	1104.0000
1106	61.48	68.71	60.67	54.23	69.60	71.60	64.08	46.10	1105.0000
1107	61.54	68.63	60.69	54.29	69.67	71.45	64.17	46.13	1106.0000
1108	61.61	68.51	60.69	54.34	69.72	71.24	64.24	46.16	1107.0000
1109	61.67	68.36	60.68	54.39	69.75	71.00	64.31	46.19	1108.0000
1110	61.73	68.17	60.64	54.45	69.77	70.75	64.36	46.23	1109.0000
1111	61.77	67.96	60.59	54.50	69.76	70.48	64.41	46.26	1110.0000
1112	61.81	67.72	60.54	54.55	69.74	70.19	64.44	46.30	1111.0000
1113	61.85	67.48	60.46	54.59	69.70	69.90	64.45	46.33	1112.0000
1114	61.88	67.22	60.38	54.63	69.64	69.60	64.46	46.36	1113.0000
1115	61.89	66.96	60.28	54.66	69.58	69.31	64.45	46.40	1114.0000
1116	61.90	66.68	60.18	54.69	69.49	69.02	64.42	46.43	1115.0000
1117	61.91	66.41	60.07	54.72	69.39	68.73	64.38	46.47	1116.0000
1118	61.90	66.13	59.95	54.74	69.29	68.44	64.34	46.50	1117.0000
1119	61.89	65.86	59.83	54.76	69.17	68.16	64.28	46.54	1118.0000
1120	61.88	65.59	59.71	54.77	69.05	67.89	64.21	46.57	1119.0000
1121	61.85	65.32	59.58	54.78	68.93	67.62	64.13	46.61	1120.0000
1122	61.82	65.05	59.45	54.79	68.79	67.37	64.04	46.64	1121.0000
1123	61.78	64.80	59.32	54.79	68.64	67.12	63.95	46.68	1122.0000
1124	61.74	64.54	59.19	54.79	68.50	66.87	63.85	46.71	1123.0000
1125	61.69	64.29	59.06	54.79	68.36	66.64	63.73	46.75	1124.0000
1126	61.64	64.05	58.92	54.77	68.21	66.42	63.61	46.78	1125.0000
1127	61.58	63.81	58.79	54.76	68.06	66.19	63.49	46.82	1126.0000
1128	61.52	63.58	58.66	54.75	67.90	65.98	63.37	46.85	1127.0000
1129	61.46	63.37	58.53	54.73	67.75	65.77	63.23	46.89	1128.0000
1130	61.38	63.13	58.41	54.71	67.57	65.53	63.09	46.91	1129.0000
1131	61.32	62.92	58.28	54.69	67.40	65.32	62.96	46.94	1130.0000
1132	61.26	62.72	58.15	54.66	67.23	65.12	62.81	46.98	1131.0000
1133	61.19	62.52	58.02	54.64	67.08	64.94	62.65	47.00	1132.0000
1134	61.12	62.33	57.89	54.60	66.93	64.77	62.50	47.03	1133.0000
1135	61.05	62.14	57.77	54.57	66.77	64.60	62.34	47.06	1134.0000
1136	60.97	61.96	57.66	54.54	66.62	64.42	62.18	47.08	1135.0000
1137	60.90	61.78	57.54	54.51	66.46	64.25	62.03	47.11	1136.0000
1138	60.82	61.61	57.42	54.48	66.31	64.09	61.87	47.14	1137.0000
1139	60.74	61.44	57.31	54.44	66.15	63.92	61.72	47.17	1138.0000
1140	60.66	61.28	57.20	54.40	65.99	63.77	61.57	47.20	1139.0000
1141	60.58	61.12	57.09	54.36	65.84	63.61	61.41	47.24	1140.0000
1142	60.49	60.96	56.98	54.32	65.69	63.46	61.26	47.26	1141.0000
1143	60.41	60.81	56.88	54.29	65.53	63.32	61.10	47.29	1142.0000
1144	60.33	60.66	56.77	54.25	65.38	63.17	60.95	47.32	1143.0000
1145	60.24	60.52	56.66	54.20	65.23	63.03	60.79	47.35	1144.0000
1146	60.16	60.38	56.57	54.16	65.07	62.88	60.63	47.37	1145.0000
1147	60.08	60.24	56.47	54.12	64.92	62.74	60.47	47.39	1146.0000
1148	59.99	60.11	56.37	54.08	64.78	62.61	60.32	47.41	1147.0000
1149	59.91	59.98	56.28	54.03	64.62	62.46	60.17	47.44	1148.0000
1150	59.83	59.85	56.18	53.98	64.48	62.33	60.02	47.45	1149.0000
1151	59.75	59.73	56.09	53.94	64.33	62.20	59.86	47.48	1150.0000
1152	59.67	59.61	56.00	53.90	64.18	62.07	59.71	47.50	1151.0000
1153	59.58	59.50	55.92	53.85	64.04	61.94	59.56	47.52	1152.0000
1154	59.50	59.38	55.83	53.80	63.89	61.81	59.41	47.54	1153.0000
1155	59.42	59.27	55.75	53.76	63.75	61.69	59.27	47.56	1154.0000
1156	59.34	59.16	55.67	53.72	63.61	61.57	59.13	47.57	1155.0000
1157	59.26	59.06	55.58	53.67	63.47	61.45	58.98	47.59	1156.0000
1158	59.18	58.96	55.50	53.62	63.34	61.33	58.83	47.61	1157.0000
1159	59.10	58.85	55.42	53.59	63.20	61.22	58.69	47.63	1158.0000
1160	59.01	58.75	55.34	53.53	63.06	61.10	58.55	47.64	1159.0000
1161	58.93	58.65	55.27	53.48	62.93	60.98	58.42	47.65	1160.0000
1162	58.85	58.55	55.19	53.44	62.79	60.87	58.28	47.67	1161.0000
1163	58.77	58.46	55.12	53.39	62.67	60.76	58.15	47.68	1162.0000
1164	58.68	58.37	55.04	53.35	62.54	60.65	58.01	47.69	1163.0000
1165	58.60	58.27	54.97	53.30	62.41	60.55	57.88	47.70	1164.0000
1166	58.52	58.18	54.90	53.25	62.28	60.44	57.74	47.71	1165.0000
1167	58.44	58.10	54.83	53.20	62.15	60.33	57.61	47.71	1166.0000
1168	58.37	58.01	54.76	53.16	62.03	60.23	57.48	47.72	1167.0000
1169	58.29	57.93	54.69	53.11	61.91	60.12	57.36	47.73	1168.0000
1170	58.21	57.85	54.63	53.06	61.78	60.02	57.24	47.74	1169.0000
1171	58.14	57.77	54.56	53.01	61.66	59.92	57.11	47.75	1170.0000
1172	58.06	57.69	54.50	52.97	61.54	59.82	56.99	47.75	1171.0000
1173	57.99	57.61	54.43	52.92	61.42	59.72	56.87	47.75	1172.0000
1174	57.91	57.54	54.37	52.87	61.30	59.62	56.74	47.75	1173.0000
1175	57.84	57.46	54.31	52.83	61.18	59.53	56.63	47.75	1174.0000
1176	57.76	57.39	54.25	52.78	61.07	59.43	56.51	47.76	1175.0000
1177	57.69	57.32	54.19	52.74	60.96	59.33	56.40	47.76	1176.0000
1178	57.62	57.24	54.13	52.69	60.84	59.25	56.28	47.76	1177.0000
1179	57.54	57.17	54.07	52.65	60.73	59.15	56.17	47.76	1178.0000
1180	57.47	57.10	54.02	52.60	60.61	59.06	56.06	47.75	1179.0000
1181	57.40	57.04	53.96	52.56	60.51	58.97	55.95	47.76	1180.0000
1182	57.32	56.97	53.90	52.51	60.40	58.87	55.85	47.75	1181.0000
1183	57.26	56.90	53.85	52.46	60.28	58.79	55.73	47.75	1182.0000
1184	57.19	56.84	53.79	52.42	60.17	58.70	55.63	47.74	1183.0000
1185	57.12	56.77	53.75	52.38	60.07	58.61	55.53	47.74	1184.0000
1186	57.05	56.70	53.69	52.33	59.96	58.52	55.43	47.74	1185.0000
1187	56.99	56.65	53.64	52.29	59.85	58.43	55.33	47.73	1186.0000
1188	56.91	56.58	53.59	52.25	59.75	58.35	55.23	47.72	1187.0000
1189	56.84	56.53	53.54	52.20	59.65	58.27	55.13	47.72	1188.0000
1190	56.78	56.46	53.49	52.16	59.55	58.18	55.03	47.71	1189.0000
1191	56.70	56.40	53.44	52.12	59.45	58.10	54.94	47.70	1190.0000
1192	56.64	56.35	53.39	52.07	59.35	58.02	54.84	47.70	1191.0000
1193	56.57	56.29	53.34	52.03	59.26	57.94	54.75	47.69	1192.0000
1194	56.51	56.23	53.30	51.99	59.16	57.86	54.66	47.69	1193.0000
1195	56.44	56.18	53.25	51.95	59.06	57.79	54.57	47.67	1194.0000
1196	56.37	56.12	53.21	51.91	58.96	57.71	54.49	47.67	1195.0000
1197	56.31	56.07	53.16	51.86	58.87	57.62	54.40	47.66	1196.0000
1198	56.25	56.01	53.11	51.82	58.78	57.55	54.31	47.65	1197.0000
1199	56.18	55.96	53.07	51.78	58.68	57.48	54.22	47.65	1198.0000
1200	56.13	55.91	53.02	51.74	58.59	57.40	54.14	47.62	1199.0000
1201	56.06	55.85	52.98	51.69	58.50	57.33	54.05	47.61	1200.0000
1202	56.00	55.80	52.94	51.66	58.41	57.26	53.97	47.60	1201.0000
1203	55.94	55.76	52.90	51.61	58.31	57.19	53.89	47.59	1202.0000
1204	55.88	55.73	52.86	51.58	58.22	57.20	53.81	47.58	1203.0000
1205	55.82	55.75	52.83	51.54	58.14	57.29	53.74	47.57	1204.0000
1206	55.76	55.81	52.81	51.49	58.07	57.44	53.66	47.55	1205.0000
1207	55.70	55.92	52.81	51.45	58.01	57.66	53.60	47.54	1206.0000
1208	55.65	56.08	52.83	51.42	57.97	57.93	53.55	47.53	1207.0000
1209	55.59	56.27	52.85	51.37	57.96	58.23	53.50	47.52	1208.0000
1210	55.55	56.49	52.90	51.34	57.97	58.55	53.46	47.50	1209.0000
1211	55.52	56.73	52.96	51.31	58.00	58.89	53.44	47.49	1210.0000
1212	55.49	57.00	53.03	51.28	58.06	59.22	53.44	47.48	1211.0000
1213	55.46	57.28	53.12	51.25	58.13	59.56	53.44	47.47	1212.0000
1214	55.45	57.57	53.22	51.23	58.21	59.90	53.46	47.45	1213.0000
1215	55.45	57.86	53.33	51.21	58.31	60.23	53.50	47.44	1214.0000
1216	55.45	58.17	53.45	51.19	58.43	60.55	53.55	47.42	1215.0000
1217	55.47	58.47	53.57	51.18	58.54	60.87	53.60	47.41	1216.0000
1218	55.49	58.77	53.70	51.17	58.67	61.17	53.67	47.39	1217.0000
1219	55.52	59.07	53.83	51.16	58.82	61.47	53.75	47.37	1218.0000
1220	55.55	59.36	53.97	51.17	58.96	61.75	53.83	47.35	1219.0000
1221	55.60	59.65	54.12	51.18	59.11	62.04	53.94	47.34	1220.0000
1222	55.64	59.94	54.26	51.18	59.27	62.30	54.05	47.33	1221.0000
1223	55.69	60.22	54.40	51.19	59.43	62.57	54.16	47.31	1222.0000
1224	55.75	60.50	54.56	51.21	59.60	62.82	54.29	47.30	1223.0000
1225	55.82	60.76	54.70	51.23	59.77	63.06	54.42	47.29	1224.0000
1226	55.89	61.02	54.85	51.25	59.93	63.30	54.56	47.27	1225.0000
1227	55.96	61.27	55.00	51.28	60.11	63.53	54.69	47.26	1226.0000
1228	56.04	61.51	55.14	51.31	60.28	63.76	54.84	47.25	1227.0000
1229	56.11	61.75	55.28	51.34	60.45	63.98	54.99	47.23	1228.0000
1230	56.20	61.99	55.43	51.38	60.62	64.18	55.14	47.22	1229.0000
1231	56.28	62.22	55.57	51.41	60.80	64.39	55.29	47.20	1230.0000
1232	56.36	62.44	55.71	51.45	60.97	64.59	55.45	47.19	1231.0000
1233	56.46	62.65	55.85	51.49	61.15	64.79	55.61	47.18	1232.0000
1234	56.54	62.86	55.99	51.53	61.33	64.98	55.78	47.16	1233.0000
1235	56.63	63.06	56.13	51.58	61.49	65.16	55.94	47.15	1234.0000
1236	56.73	63.26	56.27	51.62	61.67	65.34	56.10	47.13	1235.0000
1237	56.82	63.45	56.40	51.67	61.84	65.52	56.27	47.12	1236.0000
1238	56.92	63.64	56.54	51.73	62.02	65.69	56.44	47.11	1237.0000
1239	57.01	63.82	56.67	51.77	62.18	65.87	56.61	47.10	1238.0000
1240	57.11	63.99	56.79	51.82	62.36	66.03	56.78	47.09	1239.0000
1241	57.20	64.16	56.92	51.87	62.52	66.19	56.95	47.08	1240.0000
1242	57.30	64.33	57.05	51.93	62.69	66.35	57.12	47.07	1241.0000
1243	57.40	64.50	57.17	51.98	62.86	66.51	57.30	47.06	1242.0000
1244	57.49	64.65	57.29	52.04	63.02	66.67	57.47	47.06	1243.0000
1245	57.59	64.81	57.41	52.10	63.19	66.82	57.64	47.05	1244.0000
1246	57.69	64.95	57.53	52.16	63.36	66.97	57.81	47.05	1245.0000
1247	57.78	65.10	57.64	52.22	63.52	67.11	57.98	47.04	1246.0000
1248	57.88	65.24	57.76	52.27	63.67	67.25	58.15	47.03	1247.0000
1249	57.99	65.38	57.87	52.33	63.83	67.40	58.32	47.03	1248.0000
1250	58.08	65.52	57.97	52.39	64.00	67.54	58.49	47.03	1249.0000
1251	58.18	65.65	58.08	52.45	64.15	67.68	58.66	47.03	1250.0000
1252	58.28	65.78	58.19	52.51	64.31	67.81	58.83	47.02	1251.0000
1253	58.37	65.91	58.30	52.57	64.47	67.95	58.99	47.02	1252.0000
1254	58.46	66.03	58.40	52.64	64.62	68.08	59.15	47.02	1253.0000
1255	58.56	66.15	58.51	52.70	64.77	68.21	59.32	47.02	1254.0000
1256	58.66	66.27	58.60	52.76	64.92	68.34	59.48	47.02	1255.0000
1257	58.76	66.38	58.70	52.82	65.07	68.47	59.63	47.02	1256.0000
1258	58.86	66.50	58.80	52.88	65.21	68.59	59.79	47.03	1257.0000
1259	58.95	66.61	58.90	52.95	65.36	68.72	59.95	47.03	1258.0000
1260	59.04	66.72	58.99	53.01	65.51	68.84	60.11	47.02	1259.0000
1261	59.13	66.82	59.08	53.08	65.65	68.96	60.27	47.04	1260.0000
1262	59.22	66.92	59.17	53.13	65.79	69.09	60.42	47.04	1261.0000
1263	59.32	67.02	59.27	53.20	65.93	69.20	60.57	47.05	1262.0000
1264	59.41	67.13	59.35	53.26	66.07	69.32	60.72	47.05	1263.0000
1265	59.50	67.22	59.44	53.32	66.21	69.43	60.87	47.06	1264.0000
1266	59.59	67.31	59.52	53.39	66.34	69.55	61.02	47.06	1265.0000
1267	59.68	67.41	59.61	53.44	66.48	69.66	61.17	47.08	1266.0000
1268	59.77	67.51	59.69	53.51	66.61	69.77	61.31	47.09	1267.0000
1269	59.86	67.59	59.78	53.57	66.75	69.88	61.45	47.10	1268.0000
1270	59.95	67.68	59.86	53.63	66.88	69.99	61.59	47.11	1269.0000
1271	60.04	67.78	59.94	53.69	67.00	70.09	61.73	47.12	1270.0000
1272	60.13	67.86	60.02	53.76	67.14	70.20	61.88	47.13	1271.0000
1273	60.21	67.94	60.10	53.81	67.26	70.31	62.01	47.15	1272.0000
1274	60.30	68.03	60.17	53.88	67.39	70.41	62.15	47.17	1273.0000
1275	60.38	68.11	60.25	53.94	67.52	70.52	62.28	47.18	1274.0000
1276	60.47	68.18	60.32	54.00	67.64	70.62	62.42	47.20	1275.0000
1277	60.55	68.26	60.39	54.06	67.77	70.72	62.55	47.21	1276.0000
1278	60.63	68.34	60.46	54.12	67.89	70.81	62.68	47.23	1277.0000
1279	60.71	68.42	60.54	54.18	68.01	70.91	62.81	47.25	1278.0000
1280	60.80	68.50	60.61	54.24	68.12	71.01	62.93	47.27	1279.0000
1281	60.88	68.56	60.68	54.30	68.24	71.10	63.06	47.29	1280.0000
1282	60.97	68.64	60.75	54.36	68.35	71.20	63.18	47.30	1281.0000
1283	61.05	68.71	60.82	54.42	68.47	71.29	63.30	47.32	1282.0000
1284	61.12	68.79	60.89	54.48	68.58	71.39	63.42	47.34	1283.0000
1285	61.21	68.85	60.95	54.54	68.69	71.48	63.54	47.37	1284.0000
1286	61.29	68.93	61.01	54.60	68.81	71.57	63.66	47.39	1285.0000
1287	61.36	69.00	61.08	54.66	68.92	71.66	63.76	47.41	1286.0000
1288	61.44	69.06	61.14	54.71	69.03	71.75	63.88	47.43	1287.0000
1289	61.51	69.13	61.20	54.77	69.13	71.84	63.99	47.45	1288.0000
1290	61.59	69.19	61.27	54.83	69.24	71.92	64.10	47.48	1289.0000
1291	61.67	69.25	61.33	54.89	69.35	72.01	64.22	47.50	1290.0000
1292	61.74	69.32	61.39	54.95	69.45	72.09	64.32	47.52	1291.0000
1293	61.82	69.38	61.45	55.01	69.56	72.18	64.43	47.55	1292.0000
1294	61.89	69.44	61.51	55.06	69.66	72.25	64.54	47.57	1293.0000
1295	61.97	69.51	61.57	55.12	69.75	72.34	64.64	47.60	1294.0000
1296	62.04	69.56	61.62	55.17	69.86	72.42	64.74	47.62	1295.0000
1297	62.12	69.62	61.68	55.23	69.96	72.50	64.85	47.65	1296.0000
1298	62.19	69.68	61.74	55.29	70.06	72.58	64.95	47.67	1297.0000
1299	62.26	69.74	61.80	55.34	70.16	72.66	65.04	47.70	1298.0000
1300	62.33	69.79	61.85	55.39	70.25	72.74	65.15	47.72	1299.0000
1301	62.41	69.85	61.91	55.45	70.35	72.81	65.24	47.75	1300.0000
1302	62.48	69.91	61.96	55.51	70.44	72.88	65.34	47.78	1301.0000
1303	62.55	69.96	62.01	55.56	70.54	72.95	65.43	47.81	1302.0000
1304	62.62	69.99	62.06	55.62	70.63	72.97	65.53	47.83	1303.0000
1305	62.69	70.00	62.10	55.66	70.71	72.93	65.62	47.86	1304.0000
1306	62.75	69.96	62.13	55.72	70.79	72.83	65.71	47.89	1305.0000
1307	62.82	69.88	62.15	55.78	70.86	72.67	65.78	47.92	1306.0000
1308	62.89	69.76	62.14	55.83	70.91	72.47	65.86	47.95	1307.0000
1309	62.95	69.61	62.14	55.88	70.95	72.23	65.92	47.98	1308.0000
1310	63.00	69.42	62.10	55.93	70.95	71.97	65.98	48.02	1309.0000
1311	63.05	69.21	62.05	55.98	70.95	71.70	66.01	48.04	1310.0000
1312	63.10	68.98	61.99	56.02	70.92	71.41	66.04	48.07	1311.0000
1313	63.13	68.74	61.91	56.06	70.88	71.12	66.05	48.10	1312.0000
1314	63.16	68.48	61.83	56.10	70.83	70.82	66.05	48.13	1313.0000
1315	63.18	68.22	61.73	56.13	70.76	70.53	66.04	48.17	1314.0000
1316	63.19	67.95	61.62	56.16	70.67	70.23	66.02	48.20	1315.0000
1317	63.19	67.68	61.51	56.18	70.58	69.94	65.98	48.23	1316.0000
1318	63.18	67.40	61.40	56.21	70.47	69.66	65.93	48.26	1317.0000
1319	63.17	67.12	61.28	56.23	70.36	69.38	65.86	48.29	1318.0000
1320	63.15	66.85	61.15	56.24	70.24	69.11	65.80	48.32	1319.0000
1321	63.12	66.59	61.02	56.25	70.11	68.84	65.71	48.36	1320.0000
1322	63.09	66.32	60.89	56.25	69.98	68.58	65.62	48.39	1321.0000
1323	63.05	66.06	60.76	56.25	69.84	68.34	65.53	48.42	1322.0000
1324	63.00	65.81	60.62	56.25	69.69	68.09	65.42	48.45	1323.0000
1325	62.95	65.57	60.50	56.24	69.55	67.86	65.30	48.48	1324.0000
1326	62.90	65.32	60.36	56.24	69.40	67.63	65.18	48.51	1325.0000
1327	62.84	65.08	60.23	56.22	69.25	67.41	65.06	48.54	1326.0000
1328	62.78	64.85	60.09	56.21	69.10	67.20	64.93	48.58	1327.0000
1329	62.72	64.63	59.96	56.18	68.94	66.99	64.79	48.61	1328.0000
1330	62.65	64.41	59.82	56.16	68.79	66.79	64.65	48.64	1329.0000
1331	62.59	64.19	59.69	56.14	68.63	66.59	64.51	48.67	1330.0000
1332	62.52	63.99	59.56	56.11	68.47	66.39	64.37	48.71	1331.0000
1333	62.45	63.79	59.44	56.09	68.31	66.20	64.21	48.73	1332.0000
1334	62.37	63.60	59.31	56.05	68.15	66.02	64.06	48.76	1333.0000
1335	62.30	63.41	59.20	56.02	67.99	65.84	63.91	48.78	1334.0000
1336	62.22	63.22	59.07	55.99	67.83	65.67	63.75	48.82	1335.0000
1337	62.14	63.04	58.95	55.95	67.67	65.50	63.59	48.84	1336.0000
1338	62.06	62.87	58.84	55.92	67.52	65.33	63.45	48.87	1337.0000
1339	61.98	62.70	58.72	55.88	67.36	65.17	63.29	48.90	1338.0000
1340	61.90	62.53	58.61	55.84	67.20	65.01	63.13	48.93	1339.0000
1341	61.81	62.37	58.49	55.80	67.04	64.85	62.97	48.95	1340.0000
1342	61.73	62.22	58.38	55.76	66.89	64.70	62.81	48.98	1341.0000
1343	61.65	62.07	58.28	55.72	66.74	64.55	62.65	49.01	1342.0000
1344	61.57	61.92	58.17	55.68	66.58	64.40	62.49	49.03	1343.0000
1345	61.48	61.77	58.07	55.63	66.43	64.25	62.34	49.05	1344.0000
1346	61.40	61.63	57.96	55.59	66.28	64.11	62.18	49.08	1345.0000
1347	61.31	61.50	57.87	55.54	66.12	63.97	62.01	49.10	1346.0000
1348	61.23	61.37	57.77	55.50	65.98	63.83	61.86	49.12	1347.0000
1349	61.15	61.24	57.67	55.45	65.83	63.70	61.70	49.14	1348.0000
1350	61.06	61.11	57.57	55.41	65.68	63.56	61.55	49.16	1349.0000
1351	60.98	60.99	57.48	55.36	65.53	63.43	61.39	49.18	1350.0000
1352	60.89	60.87	57.39	55.32	65.39	63.30	61.24	49.20	1351.0000
1353	60.81	60.75	57.30	55.27	65.25	63.18	61.09	49.21	1352.0000
1354	60.72	60.64	57.21	55.22	65.10	63.05	60.93	49.23	1353.0000
1355	60.64	60.52	57.13	55.18	64.96	62.93	60.79	49.25	1354.0000
1356	60.56	60.42	57.04	55.13	64.82	62.80	60.64	49.26	1355.0000
1357	60.48	60.31	56.96	55.08	64.68	62.68	60.49	49.27	1356.0000
1358	60.40	60.20	56.88	55.03	64.54	62.56	60.35	49.28	1357.0000
1359	60.31	60.10	56.80	54.98	64.40	62.44	60.21	49.30	1358.0000
1360	60.23	60.00	56.71	54.94	64.27	62.33	60.06	49.31	1359.0000
1361	60.15	59.90	56.64	54.88	64.14	62.21	59.92	49.32	1360.0000
1362	60.07	59.80	56.56	54.84	64.00	62.10	59.79	49.34	1361.0000
1363	59.99	59.71	56.49	54.79	63.87	61.99	59.64	49.35	1362.0000
1364	59.90	59.61	56.41	54.74	63.74	61.88	59.51	49.35	1363.0000
1365	59.81	59.51	56.35	54.69	63.59	61.73	59.38	49.36	1364.0000
1366	59.74	59.42	56.28	54.64	63.45	61.61	59.24	49.36	1365.0000
1367	59.66	59.34	56.21	54.59	63.32	61.51	59.11	49.36	1366.0000
1368	59.59	59.26	56.14	54.55	63.20	61.41	58.97	49.37	1367.0000
1369	59.51	59.18	56.07	54.50	63.07	61.31	58.84	49.36	1368.0000
1370	59.43	59.10	56.00	54.45	62.95	61.22	58.71	49.37	1369.0000
1371	59.36	59.02	55.94	54.40	62.82	61.11	58.58	49.37	1370.0000
1372	59.28	58.94	55.87	54.36	62.70	61.01	58.46	49.38	1371.0000
1373	59.21	58.86	55.80	54.31	62.59	60.92	58.34	49.38	1372.0000
1374	59.13	58.78	55.74	54.26	62.47	60.82	58.22	49.39	1373.0000
1375	59.06	58.71	55.68	54.22	62.35	60.72	58.10	49.39	1374.0000
1376	58.98	58.63	55.62	54.17	62.24	60.63	57.98	49.39	1375.0000
1377	58.91	58.56	55.56	54.12	62.12	60.53	57.87	49.39	1376.0000
1378	58.83	58.49	55.50	54.08	62.00	60.43	57.76	49.39	1377.0000
1379	58.76	58.42	55.44	54.03	61.90	60.34	57.64	49.38	1378.0000
1380	58.68	58.35	55.38	53.98	61.78	60.24	57.53	49.38	1379.0000
1381	58.61	58.28	55.33	53.94	61.67	60.16	57.42	49.38	1380.0000
1382	58.54	58.22	55.27	53.89	61.56	60.07	57.30	49.37	1381.0000
1383	58.47	58.14	55.21	53.84	61.45	59.97	57.19	49.37	1382.0000
1384	58.40	58.08	55.16	53.80	61.35	59.89	57.09	49.36	1383.0000
1385	58.33	58.02	55.10	53.75	61.24	59.80	56.98	49.36	1384.0000
1386	58.26	57.95	55.04	53.71	61.13	59.71	56.88	49.35	1385.0000
1387	58.19	57.89	54.99	53.66	61.03	59.62	56.78	49.34	1386.0000
1388	58.12	57.82	54.94	53.61	60.93	59.54	56.68	49.34	1387.0000
1389	58.06	57.77	54.89	53.57	60.82	59.46	56.58	49.33	1388.0000
1390	57.99	57.70	54.84	53.53	60.72	59.37	56.48	49.31	1389.0000
1391	57.92	57.64	54.79	53.48	60.62	59.29	56.38	49.31	1390.0000
1392	57.86	57.58	54.74	53.44	60.52	59.21	56.29	49.30	1391.0000
1393	57.79	57.53	54.69	53.39	60.42	59.13	56.20	49.29	1392.0000
1394	57.72	57.47	54.64	53.35	60.32	59.05	56.10	49.28	1393.0000
1395	57.65	57.41	54.59	53.31	60.23	58.97	56.01	49.27	1394.0000
1396	57.59	57.35	54.55	53.27	60.13	58.90	55.92	49.26	1395.0000
1397	57.52	57.30	54.50	53.22	60.04	58.82	55.83	49.26	1396.0000
1398	57.46	57.25	54.45	53.18	59.94	58.74	55.75	49.25	1397.0000
1399	57.39	57.19	54.41	53.13	59.85	58.66	55.66	49.24	1398.0000
1400	57.33	57.14	54.36	53.09	59.76	58.59	55.58	49.23	1399.0000
1401	57.27	57.08	54.31	53.05	59.67	58.52	55.49	49.22	1400.0000
